Arrival_Date,Commodity,Commodity_Code,District,Grade,Market,Max_Price,Min_Price,Modal_Price,State,Variety,Price_Range,Modal_Position,Year,Month,Week_Of_Year,Day_Of_Week,Quarter,Lag_1,Lag_2,Lag_3,Lag_5,Lag_7,Lag_14,Lag_30,Rolling_Mean_3,Rolling_Mean_7,Rolling_Mean_14,Rolling_Mean_30,Rolling_Std_7,Rolling_Std_14,Price_Change_1,Price_Change_3,Price_Change_7,Price_Change_14,Price_Change_Pct_1,Price_Change_Pct_7,Price_Change_Pct_14,Target_Date,Future_Modal_Price,Target_Price,Actual_Future_Change_Pct
2006-07-04,Sugarcane,150,Thane,FAQ,Ulhasnagar,275,200,225,Maharashtra,Other,75,0.3333333333333333,2006,7,27,1,3,,,,,,,,,,,,,,,,,,,,,2006-07-06,225.0,225.0,0.0
2006-07-05,Sugarcane,150,Thane,FAQ,Ulhasnagar,275,200,225,Maharashtra,Other,75,0.3333333333333333,2006,7,27,2,3,225.0,,,,,,,,,,,,,0.0,,,,0.0,,,2006-07-07,,,
2006-07-06,Sugarcane,150,Thane,FAQ,Ulhasnagar,275,200,225,Maharashtra,Other,75,0.3333333333333333,2006,7,27,3,3,225.0,225.0,,,,,,225.0,,,,,,0.0,,,,0.0,,,2006-07-08,,,
2006-12-05,Sugarcane,150,Thane,FAQ,Ulhasnagar,325,250,300,Maharashtra,Other,75,0.6666666666666666,2006,12,49,1,4,225.0,225.0,225.0,,,,,225.0,225.0,,,0.0,,75.0,75.0,,,33.33333333333333,,,2006-12-07,300.0,300.0,0.0
2006-12-06,Sugarcane,150,Thane,FAQ,Ulhasnagar,325,250,300,Maharashtra,Other,75,0.6666666666666666,2006,12,49,2,4,300.0,225.0,225.0,,,,,250.0,243.75,,,37.5,,0.0,75.0,,,0.0,,,2006-12-08,300.0,300.0,0.0
2006-12-07,Sugarcane,150,Thane,FAQ,Ulhasnagar,325,250,300,Maharashtra,Other,75,0.6666666666666666,2006,12,49,3,4,300.0,300.0,225.0,225.0,,,,275.0,255.0,255.0,,41.07919181288746,41.07919181288746,0.0,75.0,,,0.0,,,2006-12-09,,,
2006-12-08,Sugarcane,150,Thane,FAQ,Ulhasnagar,325,250,300,Maharashtra,Other,75,0.6666666666666666,2006,12,49,4,4,300.0,300.0,300.0,225.0,,,,300.0,262.5,262.5,,41.07919181288746,41.07919181288746,0.0,0.0,,,0.0,,,2006-12-10,,,
2006-12-11,Sugarcane,150,Thane,FAQ,Ulhasnagar,325,250,300,Maharashtra,Other,75,0.6666666666666666,2006,12,50,0,4,300.0,300.0,300.0,225.0,225.0,,,300.0,267.85714285714283,267.85714285714283,,40.08918628686366,40.08918628686366,0.0,0.0,75.0,,0.0,33.33333333333333,,2006-12-13,300.0,300.0,0.0
2006-12-12,Sugarcane,150,Thane,FAQ,Ulhasnagar,325,250,300,Maharashtra,Other,75,0.6666666666666666,2006,12,50,1,4,300.0,300.0,300.0,300.0,225.0,,,300.0,278.57142857142856,271.875,,36.59625273557,38.81618771300742,0.0,0.0,75.0,,0.0,33.33333333333333,,2006-12-14,300.0,300.0,0.0
2006-12-13,Sugarcane,150,Thane,FAQ,Ulhasnagar,325,250,300,Maharashtra,Other,75,0.6666666666666666,2006,12,50,2,4,300.0,300.0,300.0,300.0,225.0,,,300.0,289.2857142857143,275.0,,28.347335475692052,37.5,0.0,0.0,75.0,,0.0,33.33333333333333,,2006-12-15,,,
2006-12-14,Sugarcane,150,Thane,FAQ,Ulhasnagar,325,250,300,Maharashtra,Other,75,0.6666666666666666,2006,12,50,3,4,300.0,300.0,300.0,300.0,300.0,,,300.0,300.0,277.5,277.5,0.0,36.2284418654736,0.0,0.0,0.0,,0.0,0.0,,2006-12-16,,,
2006-12-18,Sugarcane,150,Thane,FAQ,Ulhasnagar,325,250,300,Maharashtra,Other,75,0.6666666666666666,2006,12,51,0,4,300.0,300.0,300.0,300.0,300.0,,,300.0,300.0,279.54545454545456,279.54545454545456,0.0,35.032452487268536,0.0,0.0,0.0,,0.0,0.0,,2006-12-20,300.0,300.0,0.0
2006-12-19,Sugarcane,150,Thane,FAQ,Ulhasnagar,325,250,300,Maharashtra,Other,75,0.6666666666666666,2006,12,51,1,4,300.0,300.0,300.0,300.0,300.0,,,300.0,300.0,281.25,281.25,0.0,33.920026264998405,0.0,0.0,0.0,,0.0,0.0,,2006-12-21,300.0,300.0,0.0
2006-12-20,Sugarcane,150,Thane,FAQ,Ulhasnagar,325,250,300,Maharashtra,Other,75,0.6666666666666666,2006,12,51,2,4,300.0,300.0,300.0,300.0,300.0,,,300.0,300.0,282.6923076923077,282.6923076923077,0.0,32.88967572401359,0.0,0.0,0.0,,0.0,0.0,,2006-12-22,300.0,300.0,0.0
2006-12-21,Sugarcane,150,Thane,FAQ,Ulhasnagar,325,250,300,Maharashtra,Other,75,0.6666666666666666,2006,12,51,3,4,300.0,300.0,300.0,300.0,300.0,225.0,,300.0,300.0,283.92857142857144,283.92857142857144,0.0,31.936148521974,0.0,0.0,0.0,75.0,0.0,0.0,33.33333333333333,2006-12-23,,,
2006-12-22,Sugarcane,150,Thane,FAQ,Ulhasnagar,325,250,300,Maharashtra,Other,75,0.6666666666666666,2006,12,51,4,4,300.0,300.0,300.0,300.0,300.0,225.0,,300.0,300.0,289.2857142857143,285.0,0.0,27.235238970096106,0.0,0.0,0.0,75.0,0.0,0.0,33.33333333333333,2006-12-24,,,
2006-12-26,Sugarcane,150,Thane,FAQ,Ulhasnagar,325,250,300,Maharashtra,Other,75,0.6666666666666666,2006,12,52,1,4,300.0,300.0,300.0,300.0,300.0,225.0,,300.0,300.0,294.64285714285717,285.9375,0.0,20.044593143431825,0.0,0.0,0.0,75.0,0.0,0.0,33.33333333333333,2006-12-28,300.0,300.0,0.0
2006-12-27,Sugarcane,150,Thane,FAQ,Ulhasnagar,325,250,300,Maharashtra,Other,75,0.6666666666666666,2006,12,52,2,4,300.0,300.0,300.0,300.0,300.0,300.0,,300.0,300.0,300.0,286.7647058823529,0.0,0.0,0.0,0.0,0.0,0.0,0.0,0.0,0.0,2006-12-29,300.0,300.0,0.0
2006-12-28,Sugarcane,150,Thane,FAQ,Ulhasnagar,325,250,300,Maharashtra,Other,75,0.6666666666666666,2006,12,52,3,4,300.0,300.0,300.0,300.0,300.0,300.0,,300.0,300.0,300.0,287.5,0.0,0.0,0.0,0.0,0.0,0.0,0.0,0.0,0.0,2006-12-30,300.0,300.0,0.0
2006-12-29,Sugarcane,150,Thane,FAQ,Ulhasnagar,325,250,300,Maharashtra,Other,75,0.6666666666666666,2006,12,52,4,4,300.0,300.0,300.0,300.0,300.0,300.0,,300.0,300.0,300.0,288.1578947368421,0.0,0.0,0.0,0.0,0.0,0.0,0.0,0.0,0.0,2006-12-31,,,
2006-12-30,Sugarcane,150,Thane,FAQ,Ulhasnagar,325,250,300,Maharashtra,Other,75,0.6666666666666666,2006,12,52,5,4,300.0,300.0,300.0,300.0,300.0,300.0,,300.0,300.0,300.0,288.75,0.0,0.0,0.0,0.0,0.0,0.0,0.0,0.0,0.0,2007-01-01,,,
2007-01-02,Sugarcane,150,Thane,FAQ,Ulhasnagar,325,250,300,Maharashtra,Other,75,0.6666666666666666,2007,1,1,1,1,300.0,300.0,300.0,300.0,300.0,300.0,,300.0,300.0,300.0,289.2857142857143,0.0,0.0,0.0,0.0,0.0,0.0,0.0,0.0,0.0,2007-01-04,300.0,300.0,0.0
2007-01-03,Sugarcane,150,Thane,FAQ,Ulhasnagar,325,250,300,Maharashtra,Other,75,0.6666666666666666,2007,1,1,2,1,300.0,300.0,300.0,300.0,300.0,300.0,,300.0,300.0,300.0,289.77272727272725,0.0,0.0,0.0,0.0,0.0,0.0,0.0,0.0,0.0,2007-01-05,300.0,300.0,0.0
2007-01-04,Sugarcane,150,Thane,FAQ,Ulhasnagar,325,250,300,Maharashtra,Other,75,0.6666666666666666,2007,1,1,3,1,300.0,300.0,300.0,300.0,300.0,300.0,,300.0,300.0,300.0,290.2173913043478,0.0,0.0,0.0,0.0,0.0,0.0,0.0,0.0,0.0,2007-01-06,300.0,300.0,0.0
2007-01-05,Sugarcane,150,Thane,FAQ,Ulhasnagar,325,250,300,Maharashtra,Other,75,0.6666666666666666,2007,1,1,4,1,300.0,300.0,300.0,300.0,300.0,300.0,,300.0,300.0,300.0,290.625,0.0,0.0,0.0,0.0,0.0,0.0,0.0,0.0,0.0,2007-01-07,,,
2007-01-06,Sugarcane,150,Thane,FAQ,Ulhasnagar,325,250,300,Maharashtra,Other,75,0.6666666666666666,2007,1,1,5,1,300.0,300.0,300.0,300.0,300.0,300.0,,300.0,300.0,300.0,291.0,0.0,0.0,0.0,0.0,0.0,0.0,0.0,0.0,0.0,2007-01-08,300.0,300.0,0.0
2007-01-08,Sugarcane,150,Thane,FAQ,Ulhasnagar,325,250,300,Maharashtra,Other,75,0.6666666666666666,2007,1,2,0,1,300.0,300.0,300.0,300.0,300.0,300.0,,300.0,300.0,300.0,291.34615384615387,0.0,0.0,0.0,0.0,0.0,0.0,0.0,0.0,0.0,2007-01-10,300.0,300.0,0.0
2007-01-09,Sugarcane,150,Thane,FAQ,Ulhasnagar,325,250,300,Maharashtra,Other,75,0.6666666666666666,2007,1,2,1,1,300.0,300.0,300.0,300.0,300.0,300.0,,300.0,300.0,300.0,291.6666666666667,0.0,0.0,0.0,0.0,0.0,0.0,0.0,0.0,0.0,2007-01-11,,,
2007-01-10,Sugarcane,150,Thane,FAQ,Ulhasnagar,325,250,300,Maharashtra,Other,75,0.6666666666666666,2007,1,2,2,1,300.0,300.0,300.0,300.0,300.0,300.0,,300.0,300.0,300.0,291.9642857142857,0.0,0.0,0.0,0.0,0.0,0.0,0.0,0.0,0.0,2007-01-12,300.0,300.0,0.0
2007-01-12,Sugarcane,150,Thane,FAQ,Ulhasnagar,325,250,300,Maharashtra,Other,75,0.6666666666666666,2007,1,2,4,1,300.0,300.0,300.0,300.0,300.0,300.0,,300.0,300.0,300.0,292.2413793103448,0.0,0.0,0.0,0.0,0.0,0.0,0.0,0.0,0.0,2007-01-14,,,
2007-01-15,Sugarcane,150,Thane,FAQ,Ulhasnagar,325,250,300,Maharashtra,Other,75,0.6666666666666666,2007,1,3,0,1,300.0,300.0,300.0,300.0,300.0,300.0,225.0,300.0,300.0,300.0,292.5,0.0,0.0,0.0,0.0,0.0,0.0,0.0,0.0,0.0,2007-01-17,300.0,300.0,0.0
2007-01-16,Sugarcane,150,Thane,FAQ,Ulhasnagar,325,250,300,Maharashtra,Other,75,0.6666666666666666,2007,1,3,1,1,300.0,300.0,300.0,300.0,300.0,300.0,225.0,300.0,300.0,300.0,295.0,0.0,0.0,0.0,0.0,0.0,0.0,0.0,0.0,0.0,2007-01-18,300.0,300.0,0.0
2007-01-17,Sugarcane,150,Thane,FAQ,Ulhasnagar,325,250,300,Maharashtra,Other,75,0.6666666666666666,2007,1,3,2,1,300.0,300.0,300.0,300.0,300.0,300.0,225.0,300.0,300.0,300.0,297.5,0.0,0.0,0.0,0.0,0.0,0.0,0.0,0.0,0.0,2007-01-19,300.0,300.0,0.0
2007-01-18,Sugarcane,150,Thane,FAQ,Ulhasnagar,325,250,300,Maharashtra,Other,75,0.6666666666666666,2007,1,3,3,1,300.0,300.0,300.0,300.0,300.0,300.0,300.0,300.0,300.0,300.0,300.0,0.0,0.0,0.0,0.0,0.0,0.0,0.0,0.0,0.0,2007-01-20,300.0,300.0,0.0
2007-01-19,Sugarcane,150,Thane,FAQ,Ulhasnagar,325,250,300,Maharashtra,Other,75,0.6666666666666666,2007,1,3,4,1,300.0,300.0,300.0,300.0,300.0,300.0,300.0,300.0,300.0,300.0,300.0,0.0,0.0,0.0,0.0,0.0,0.0,0.0,0.0,0.0,2007-01-21,,,
2007-01-20,Sugarcane,150,Thane,FAQ,Ulhasnagar,325,250,300,Maharashtra,Other,75,0.6666666666666666,2007,1,3,5,1,300.0,300.0,300.0,300.0,300.0,300.0,300.0,300.0,300.0,300.0,300.0,0.0,0.0,0.0,0.0,0.0,0.0,0.0,0.0,0.0,2007-01-22,300.0,300.0,0.0
2007-01-22,Sugarcane,150,Thane,FAQ,Ulhasnagar,325,250,300,Maharashtra,Other,75,0.6666666666666666,2007,1,4,0,1,300.0,300.0,300.0,300.0,300.0,300.0,300.0,300.0,300.0,300.0,300.0,0.0,0.0,0.0,0.0,0.0,0.0,0.0,0.0,0.0,2007-01-24,300.0,300.0,0.0
2007-01-23,Sugarcane,150,Thane,FAQ,Ulhasnagar,325,250,300,Maharashtra,Other,75,0.6666666666666666,2007,1,4,1,1,300.0,300.0,300.0,300.0,300.0,300.0,300.0,300.0,300.0,300.0,300.0,0.0,0.0,0.0,0.0,0.0,0.0,0.0,0.0,0.0,2007-01-25,,,
2007-01-24,Sugarcane,150,Thane,FAQ,Ulhasnagar,325,250,300,Maharashtra,Other,75,0.6666666666666666,2007,1,4,2,1,300.0,300.0,300.0,300.0,300.0,300.0,300.0,300.0,300.0,300.0,300.0,0.0,0.0,0.0,0.0,0.0,0.0,0.0,0.0,0.0,2007-01-26,,,
2009-01-12,Sugarcane,150,Thane,FAQ,Ulhasnagar,2000,1800,1900,Maharashtra,Other,200,0.5,2009,1,3,0,1,300.0,300.0,300.0,300.0,300.0,300.0,300.0,300.0,300.0,300.0,300.0,0.0,0.0,1600.0,1600.0,1600.0,1600.0,533.3333333333333,533.3333333333333,533.3333333333333,2009-01-14,1900.0,1900.0,0.0
2009-01-13,Sugarcane,150,Thane,FAQ,Ulhasnagar,2000,1800,1900,Maharashtra,Other,200,0.5,2009,1,3,1,1,1900.0,300.0,300.0,300.0,300.0,300.0,300.0,833.3333333333334,528.5714285714286,414.2857142857143,353.3333333333333,604.7431568147636,427.61798705987906,0.0,1600.0,1600.0,1600.0,0.0,533.3333333333333,533.3333333333333,2009-01-15,1900.0,1900.0,0.0
2009-01-14,Sugarcane,150,Thane,FAQ,Ulhasnagar,2000,1800,1900,Maharashtra,Other,200,0.5,2009,1,3,2,1,1900.0,1900.0,300.0,300.0,300.0,300.0,300.0,1366.6666666666667,757.1428571428571,528.5714285714286,406.6666666666667,780.7200583588266,581.0184313620504,0.0,1600.0,1600.0,1600.0,0.0,533.3333333333333,533.3333333333333,2009-01-16,1900.0,1900.0,0.0
2009-01-15,Sugarcane,150,Thane,FAQ,Ulhasnagar,2000,1800,1900,Maharashtra,Other,200,0.5,2009,1,3,3,1,1900.0,1900.0,1900.0,300.0,300.0,300.0,300.0,1900.0,985.7142857142857,642.8571428571429,460.0,855.2359741197581,681.3045018021121,0.0,0.0,1600.0,1600.0,0.0,533.3333333333333,533.3333333333333,2009-01-17,1900.0,1900.0,0.0
2009-01-16,Sugarcane,150,Thane,FAQ,Ulhasnagar,2000,1800,1900,Maharashtra,Other,200,0.5,2009,1,3,4,1,1900.0,1900.0,1900.0,300.0,300.0,300.0,300.0,1900.0,1214.2857142857142,757.1428571428571,513.3333333333334,855.2359741197581,750.0915695015927,0.0,0.0,1600.0,1600.0,0.0,533.3333333333333,533.3333333333333,2009-01-18,,,
2009-01-17,Sugarcane,150,Thane,FAQ,Ulhasnagar,2000,1800,1900,Maharashtra,Other,200,0.5,2009,1,3,5,1,1900.0,1900.0,1900.0,1900.0,300.0,300.0,300.0,1900.0,1442.857142857143,871.4285714285714,566.6666666666666,780.7200583588266,795.5922529581551,0.0,0.0,1600.0,1600.0,0.0,533.3333333333333,533.3333333333333,2009-01-19,1900.0,1900.0,0.0
2009-01-19,Sugarcane,150,Thane,FAQ,Ulhasnagar,2000,1800,1900,Maharashtra,Other,200,0.5,2009,1,4,0,1,1900.0,1900.0,1900.0,1900.0,300.0,300.0,300.0,1900.0,1671.4285714285713,985.7142857142857,620.0,604.7431568147638,821.6841456209528,0.0,0.0,1600.0,1600.0,0.0,533.3333333333333,533.3333333333333,2009-01-21,1900.0,1900.0,0.0
2009-01-20,Sugarcane,150,Thane,FAQ,Ulhasnagar,2000,1800,1900,Maharashtra,Other,200,0.5,2009,1,4,1,1,1900.0,1900.0,1900.0,1900.0,1900.0,300.0,300.0,1900.0,1900.0,1100.0,673.3333333333334,0.0,830.1992346604334,0.0,0.0,0.0,1600.0,0.0,0.0,533.3333333333333,2009-01-22,1900.0,1900.0,0.0
2009-01-21,Sugarcane,150,Thane,FAQ,Ulhasnagar,2000,1800,1900,Maharashtra,Other,200,0.5,2009,1,4,2,1,1900.0,1900.0,1900.0,1900.0,1900.0,300.0,300.0,1900.0,1900.0,1214.2857142857142,726.6666666666666,0.0,821.6841456209528,0.0,0.0,0.0,1600.0,0.0,0.0,533.3333333333333,2009-01-23,1900.0,1900.0,0.0
2009-01-22,Sugarcane,150,Thane,FAQ,Ulhasnagar,2000,1800,1900,Maharashtra,Other,200,0.5,2009,1,4,3,1,1900.0,1900.0,1900.0,1900.0,1900.0,300.0,300.0,1900.0,1900.0,1328.5714285714287,780.0,0.0,795.5922529581551,0.0,0.0,0.0,1600.0,0.0,0.0,533.3333333333333,2009-01-24,,,
2009-01-23,Sugarcane,150,Thane,FAQ,Ulhasnagar,2000,1800,1900,Maharashtra,Other,200,0.5,2009,1,4,4,1,1900.0,1900.0,1900.0,1900.0,1900.0,300.0,300.0,1900.0,1900.0,1442.857142857143,833.3333333333334,0.0,750.0915695015927,0.0,0.0,0.0,1600.0,0.0,0.0,533.3333333333333,2009-01-25,,,
2009-01-27,Sugarcane,150,Thane,FAQ,Ulhasnagar,2000,1800,1900,Maharashtra,Other,200,0.5,2009,1,5,1,1,1900.0,1900.0,1900.0,1900.0,1900.0,300.0,300.0,1900.0,1900.0,1557.142857142857,886.6666666666666,0.0,681.3045018021122,0.0,0.0,0.0,1600.0,0.0,0.0,533.3333333333333,2009-01-29,1900.0,1900.0,0.0
2009-01-29,Sugarcane,150,Thane,FAQ,Ulhasnagar,2000,1800,1900,Maharashtra,Other,200,0.5,2009,1,5,3,1,1900.0,1900.0,1900.0,1900.0,1900.0,300.0,300.0,1900.0,1900.0,1671.4285714285713,940.0,0.0,581.0184313620505,0.0,0.0,0.0,1600.0,0.0,0.0,533.3333333333333,2009-01-31,2100.0,2100.0,10.526315789473683
2009-01-30,Sugarcane,150,Thane,FAQ,Ulhasnagar,2000,1800,1900,Maharashtra,Other,200,0.5,2009,1,5,4,1,1900.0,1900.0,1900.0,1900.0,1900.0,300.0,300.0,1900.0,1900.0,1785.7142857142858,993.3333333333334,0.0,427.6179870598793,0.0,0.0,0.0,1600.0,0.0,0.0,533.3333333333333,2009-02-01,,,
2009-01-31,Sugarcane,150,Thane,FAQ,Ulhasnagar,2200,2000,2100,Maharashtra,Other,200,0.5,2009,1,5,5,1,1900.0,1900.0,1900.0,1900.0,1900.0,1900.0,300.0,1900.0,1900.0,1900.0,1046.6666666666667,0.0,0.0,200.0,200.0,200.0,200.0,10.526315789473683,10.526315789473683,10.526315789473683,2009-02-02,1900.0,1900.0,-9.523809523809524
2009-02-02,Sugarcane,150,Thane,FAQ,Ulhasnagar,2000,1800,1900,Maharashtra,Other,200,0.5,2009,2,6,0,1,2100.0,1900.0,1900.0,1900.0,1900.0,1900.0,300.0,1966.6666666666667,1928.5714285714287,1914.2857142857142,1106.6666666666667,75.59289460184543,53.45224838248489,-200.0,0.0,0.0,0.0,-9.523809523809524,0.0,0.0,2009-02-04,1900.0,1900.0,0.0
2009-02-03,Sugarcane,150,Thane,FAQ,Ulhasnagar,2000,1800,1900,Maharashtra,Other,200,0.5,2009,2,6,1,1,1900.0,2100.0,1900.0,1900.0,1900.0,1900.0,300.0,1966.6666666666667,1928.5714285714287,1914.2857142857142,1160.0,75.59289460184543,53.45224838248489,0.0,0.0,0.0,0.0,0.0,0.0,0.0,2009-02-05,1900.0,1900.0,0.0
2009-02-04,Sugarcane,150,Thane,FAQ,Ulhasnagar,2000,1800,1900,Maharashtra,Other,200,0.5,2009,2,6,2,1,1900.0,1900.0,2100.0,1900.0,1900.0,1900.0,300.0,1966.6666666666667,1928.5714285714287,1914.2857142857142,1213.3333333333333,75.59289460184543,53.45224838248489,0.0,-200.0,0.0,0.0,0.0,0.0,0.0,2009-02-06,1900.0,1900.0,0.0
2009-02-05,Sugarcane,150,Thane,FAQ,Ulhasnagar,2000,1800,1900,Maharashtra,Other,200,0.5,2009,2,6,3,1,1900.0,1900.0,1900.0,1900.0,1900.0,1900.0,300.0,1900.0,1928.5714285714287,1914.2857142857142,1266.6666666666667,75.59289460184543,53.45224838248489,0.0,0.0,0.0,0.0,0.0,0.0,0.0,2009-02-07,,,
2009-02-06,Sugarcane,150,Thane,FAQ,Ulhasnagar,2000,1800,1900,Maharashtra,Other,200,0.5,2009,2,6,4,1,1900.0,1900.0,1900.0,2100.0,1900.0,1900.0,300.0,1900.0,1928.5714285714287,1914.2857142857142,1320.0,75.59289460184543,53.45224838248489,0.0,0.0,0.0,0.0,0.0,0.0,0.0,2009-02-08,,,
2009-02-09,Sugarcane,150,Thane,FAQ,Ulhasnagar,2000,1800,1900,Maharashtra,Other,200,0.5,2009,2,7,0,1,1900.0,1900.0,1900.0,1900.0,1900.0,1900.0,300.0,1900.0,1928.5714285714287,1914.2857142857142,1373.3333333333333,75.59289460184543,53.45224838248489,0.0,0.0,0.0,0.0,0.0,0.0,0.0,2009-02-11,1900.0,1900.0,0.0
2009-02-10,Sugarcane,150,Thane,FAQ,Ulhasnagar,2000,1800,1900,Maharashtra,Other,200,0.5,2009,2,7,1,1,1900.0,1900.0,1900.0,1900.0,2100.0,1900.0,300.0,1900.0,1928.5714285714287,1914.2857142857142,1426.6666666666667,75.59289460184543,53.45224838248489,0.0,0.0,-200.0,0.0,0.0,-9.523809523809524,0.0,2009-02-12,1900.0,1900.0,0.0
2009-02-11,Sugarcane,150,Thane,FAQ,Ulhasnagar,2000,1800,1900,Maharashtra,Other,200,0.5,2009,2,7,2,1,1900.0,1900.0,1900.0,1900.0,1900.0,1900.0,300.0,1900.0,1900.0,1914.2857142857142,1480.0,0.0,53.45224838248489,0.0,0.0,0.0,0.0,0.0,0.0,0.0,2009-02-13,1900.0,1900.0,0.0
2009-02-12,Sugarcane,150,Thane,FAQ,Ulhasnagar,2000,1800,1900,Maharashtra,Other,200,0.5,2009,2,7,3,1,1900.0,1900.0,1900.0,1900.0,1900.0,1900.0,300.0,1900.0,1900.0,1914.2857142857142,1533.3333333333333,0.0,53.45224838248489,0.0,0.0,0.0,0.0,0.0,0.0,0.0,2009-02-14,,,
2009-02-13,Sugarcane,150,Thane,FAQ,Ulhasnagar,2000,1800,1900,Maharashtra,Other,200,0.5,2009,2,7,4,1,1900.0,1900.0,1900.0,1900.0,1900.0,1900.0,300.0,1900.0,1900.0,1914.2857142857142,1586.6666666666667,0.0,53.45224838248489,0.0,0.0,0.0,0.0,0.0,0.0,0.0,2009-02-15,,,
2009-02-16,Sugarcane,150,Thane,FAQ,Ulhasnagar,2000,1800,1900,Maharashtra,Other,200,0.5,2009,2,8,0,1,1900.0,1900.0,1900.0,1900.0,1900.0,1900.0,300.0,1900.0,1900.0,1914.2857142857142,1640.0,0.0,53.45224838248489,0.0,0.0,0.0,0.0,0.0,0.0,0.0,2009-02-18,2100.0,2100.0,10.526315789473683
2009-02-17,Sugarcane,150,Thane,FAQ,Ulhasnagar,2200,2000,2100,Maharashtra,Other,200,0.5,2009,2,8,1,1,1900.0,1900.0,1900.0,1900.0,1900.0,1900.0,300.0,1900.0,1900.0,1914.2857142857142,1693.3333333333333,0.0,53.45224838248489,200.0,200.0,200.0,200.0,10.526315789473683,10.526315789473683,10.526315789473683,2009-02-19,,,
2009-02-18,Sugarcane,150,Thane,FAQ,Ulhasnagar,2200,2000,2100,Maharashtra,Other,200,0.5,2009,2,8,2,1,2100.0,1900.0,1900.0,1900.0,1900.0,1900.0,300.0,1966.6666666666667,1928.5714285714287,1928.5714285714287,1753.3333333333333,75.59289460184543,72.62730392025632,0.0,200.0,200.0,200.0,0.0,10.526315789473683,10.526315789473683,2009-02-20,2100.0,2100.0,0.0
2009-02-20,Sugarcane,150,Thane,FAQ,Ulhasnagar,2200,2000,2100,Maharashtra,Other,200,0.5,2009,2,8,4,1,2100.0,2100.0,1900.0,1900.0,1900.0,2100.0,300.0,2033.3333333333333,1957.142857142857,1942.857142857143,1813.3333333333333,97.59000729485325,85.16306272526404,0.0,200.0,200.0,0.0,0.0,10.526315789473683,0.0,2009-02-22,,,
2009-02-21,Sugarcane,150,Thane,FAQ,Ulhasnagar,2200,2000,2100,Maharashtra,Other,200,0.5,2009,2,8,5,1,2100.0,2100.0,2100.0,1900.0,1900.0,1900.0,300.0,2100.0,1985.7142857142858,1942.857142857143,1873.3333333333333,106.90449676496961,85.16306272526404,0.0,0.0,200.0,200.0,0.0,10.526315789473683,10.526315789473683,2009-02-23,,,
2009-02-24,Sugarcane,150,Thane,FAQ,Ulhasnagar,2200,2000,2100,Maharashtra,Other,200,0.5,2009,2,9,1,1,2100.0,2100.0,2100.0,1900.0,1900.0,1900.0,1900.0,2100.0,2014.2857142857142,1957.142857142857,1933.3333333333333,106.90449676496948,93.76144618769911,0.0,0.0,200.0,200.0,0.0,10.526315789473683,10.526315789473683,2009-02-26,2100.0,2100.0,0.0
2009-02-25,Sugarcane,150,Thane,FAQ,Ulhasnagar,2200,2000,2100,Maharashtra,Other,200,0.5,2009,2,9,2,1,2100.0,2100.0,2100.0,2100.0,1900.0,1900.0,1900.0,2100.0,2042.857142857143,1971.4285714285713,1940.0,97.59000729485291,99.44903161976941,0.0,0.0,200.0,200.0,0.0,10.526315789473683,10.526315789473683,2009-02-27,2100.0,2100.0,0.0
2009-02-26,Sugarcane,150,Thane,FAQ,Ulhasnagar,2200,2000,2100,Maharashtra,Other,200,0.5,2009,2,9,3,1,2100.0,2100.0,2100.0,2100.0,1900.0,1900.0,1900.0,2100.0,2071.4285714285716,1985.7142857142858,1946.6666666666667,75.59289460184482,102.71051820261914,0.0,0.0,200.0,200.0,0.0,10.526315789473683,10.526315789473683,2009-02-28,,,
2009-02-27,Sugarcane,150,Thane,FAQ,Ulhasnagar,2200,2000,2100,Maharashtra,Other,200,0.5,2009,2,9,4,1,2100.0,2100.0,2100.0,2100.0,2100.0,1900.0,1900.0,2100.0,2100.0,2000.0,1953.3333333333333,0.0,103.7749043325542,0.0,0.0,0.0,200.0,0.0,0.0,10.526315789473683,2009-03-01,1900.0,1900.0,-9.523809523809524
2009-03-01,Sugarcane,150,Thane,FAQ,Ulhasnagar,2000,1800,1900,Maharashtra,Other,200,0.5,2009,3,9,6,1,2100.0,2100.0,2100.0,2100.0,2100.0,1900.0,1900.0,2100.0,2100.0,2014.2857142857142,1960.0,0.0,102.71051820261914,-200.0,-200.0,-200.0,0.0,-9.523809523809524,-9.523809523809524,0.0,2009-03-03,1900.0,1900.0,0.0
2009-03-02,Sugarcane,150,Thane,FAQ,Ulhasnagar,2200,2000,2100,Maharashtra,Other,200,0.5,2009,3,10,0,1,1900.0,2100.0,2100.0,2100.0,2100.0,1900.0,1900.0,2033.3333333333333,2071.4285714285716,2014.2857142857142,1960.0,75.59289460184547,102.71051820261914,200.0,0.0,0.0,200.0,10.526315789473683,0.0,10.526315789473683,2009-03-04,1900.0,1900.0,-9.523809523809524
2009-03-03,Sugarcane,150,Thane,FAQ,Ulhasnagar,2000,1800,1900,Maharashtra,Other,200,0.5,2009,3,10,1,1,2100.0,1900.0,2100.0,2100.0,2100.0,1900.0,1900.0,2033.3333333333333,2071.4285714285716,2028.5714285714287,1966.6666666666667,75.59289460184547,99.44903161976941,-200.0,-200.0,-200.0,0.0,-9.523809523809524,-9.523809523809524,0.0,2009-03-05,1900.0,1900.0,0.0
2009-03-04,Sugarcane,150,Thane,FAQ,Ulhasnagar,2000,1800,1900,Maharashtra,Other,200,0.5,2009,3,10,2,1,1900.0,2100.0,1900.0,2100.0,2100.0,1900.0,1900.0,1966.6666666666667,2042.857142857143,2028.5714285714287,1966.6666666666667,97.59000729485342,99.44903161976941,0.0,0.0,-200.0,0.0,0.0,-9.523809523809524,0.0,2009-03-06,1900.0,1900.0,0.0
2009-03-05,Sugarcane,150,Thane,FAQ,Ulhasnagar,2000,1800,1900,Maharashtra,Other,200,0.5,2009,3,10,3,1,1900.0,1900.0,2100.0,2100.0,2100.0,1900.0,1900.0,1966.6666666666667,2014.2857142857142,2028.5714285714287,1966.6666666666667,106.90449676496995,99.44903161976941,0.0,-200.0,-200.0,0.0,0.0,-9.523809523809524,0.0,2009-03-07,,,
2009-03-06,Sugarcane,150,Thane,FAQ,Ulhasnagar,2000,1800,1900,Maharashtra,Other,200,0.5,2009,3,10,4,1,1900.0,1900.0,1900.0,1900.0,2100.0,1900.0,1900.0,1900.0,1985.7142857142858,2028.5714285714287,1966.6666666666667,106.90449676497006,99.44903161976941,0.0,0.0,-200.0,0.0,0.0,-9.523809523809524,0.0,2009-03-08,,,
2009-03-16,Sugarcane,150,Thane,FAQ,Ulhasnagar,2000,1800,1900,Maharashtra,Other,200,0.5,2009,3,12,0,1,1900.0,1900.0,1900.0,2100.0,2100.0,2100.0,1900.0,1900.0,1957.142857142857,2028.5714285714287,1966.6666666666667,97.59000729485375,99.44903161976941,0.0,0.0,-200.0,-200.0,0.0,-9.523809523809524,-9.523809523809524,2009-03-18,,,
2009-03-17,Sugarcane,150,Thane,FAQ,Ulhasnagar,2000,1800,1900,Maharashtra,Other,200,0.5,2009,3,12,1,1,1900.0,1900.0,1900.0,1900.0,1900.0,2100.0,1900.0,1900.0,1928.5714285714287,2014.2857142857142,1966.6666666666667,75.59289460184607,102.71051820261914,0.0,0.0,0.0,-200.0,0.0,0.0,-9.523809523809524,2009-03-19,,,
2009-03-23,Sugarcane,150,Thane,FAQ,Ulhasnagar,2000,1800,1900,Maharashtra,Other,200,0.5,2009,3,13,0,1,1900.0,1900.0,1900.0,1900.0,2100.0,2100.0,1900.0,1900.0,1928.5714285714287,2000.0,1966.6666666666667,75.59289460184607,103.7749043325542,0.0,0.0,-200.0,-200.0,0.0,-9.523809523809524,-9.523809523809524,2009-03-25,1900.0,1900.0,0.0
2009-03-24,Sugarcane,150,Thane,FAQ,Ulhasnagar,2000,1800,1900,Maharashtra,Other,200,0.5,2009,3,13,1,1,1900.0,1900.0,1900.0,1900.0,1900.0,2100.0,1900.0,1900.0,1900.0,1985.7142857142858,1966.6666666666667,0.0,102.71051820261914,0.0,0.0,0.0,-200.0,0.0,0.0,-9.523809523809524,2009-03-26,1700.0,1700.0,-10.526315789473683
2009-03-25,Sugarcane,150,Thane,FAQ,Ulhasnagar,2000,1800,1900,Maharashtra,Other,200,0.5,2009,3,13,2,1,1900.0,1900.0,1900.0,1900.0,1900.0,2100.0,2100.0,1900.0,1900.0,1971.4285714285713,1966.6666666666667,0.0,99.44903161976941,0.0,0.0,0.0,-200.0,0.0,0.0,-9.523809523809524,2009-03-27,,,
2009-03-26,Sugarcane,150,Thane,FAQ,Ulhasnagar,1800,1600,1700,Maharashtra,Other,200,0.5,2009,3,13,3,1,1900.0,1900.0,1900.0,1900.0,1900.0,2100.0,1900.0,1900.0,1900.0,1957.142857142857,1960.0,0.0,93.76144618769911,-200.0,-200.0,-200.0,-400.0,-10.526315789473683,-10.526315789473683,-19.047619047619047,2009-03-28,,,
2009-03-30,Sugarcane,150,Thane,FAQ,Ulhasnagar,2000,1800,1900,Maharashtra,Other,200,0.5,2009,3,14,0,1,1700.0,1900.0,1900.0,1900.0,1900.0,2100.0,1900.0,1833.3333333333333,1871.4285714285713,1928.5714285714287,1953.3333333333333,75.59289460184543,106.90449676496979,200.0,0.0,0.0,-200.0,11.76470588235294,0.0,-9.523809523809524,2009-04-01,,,
2009-03-31,Sugarcane,150,Thane,FAQ,Ulhasnagar,2000,1800,1900,Maharashtra,Other,200,0.5,2009,3,14,1,1,1900.0,1700.0,1900.0,1900.0,1900.0,2100.0,1900.0,1833.3333333333333,1871.4285714285713,1914.2857142857142,1953.3333333333333,75.59289460184543,94.92622930986474,0.0,0.0,0.0,-200.0,0.0,0.0,-9.523809523809524,2009-04-02,,,
2009-04-27,Sugarcane,150,Thane,FAQ,Ulhasnagar,1900,1800,1850,Maharashtra,Other,100,0.5,2009,4,18,0,2,1900.0,1900.0,1700.0,1900.0,1900.0,1900.0,1900.0,1833.3333333333333,1871.4285714285713,1900.0,1953.3333333333333,75.59289460184543,78.44645405527372,-50.0,150.0,-50.0,-50.0,-2.631578947368421,-2.631578947368421,-2.631578947368421,2009-04-29,1900.0,1900.0,2.7027027027027026
2009-04-28,Sugarcane,150,Thane,FAQ,Ulhasnagar,2000,1800,1900,Maharashtra,Other,200,0.5,2009,4,18,1,2,1850.0,1900.0,1900.0,1900.0,1900.0,2100.0,1900.0,1883.3333333333333,1864.2857142857142,1896.4285714285713,1951.6666666666667,74.80132415430954,79.57648887967852,50.0,0.0,0.0,-200.0,2.7027027027027026,0.0,-9.523809523809524,2009-04-30,1900.0,1900.0,0.0
2009-04-29,Sugarcane,150,Thane,FAQ,Ulhasnagar,2000,1800,1900,Maharashtra,Other,200,0.5,2009,4,18,2,2,1900.0,1850.0,1900.0,1700.0,1900.0,1900.0,1900.0,1883.3333333333333,1864.2857142857142,1882.142857142857,1951.6666666666667,74.80132415430954,54.09088810348928,0.0,0.0,0.0,0.0,0.0,0.0,0.0,2009-05-01,,,
2009-04-30,Sugarcane,150,Thane,FAQ,Ulhasnagar,2000,1800,1900,Maharashtra,Other,200,0.5,2009,4,18,3,2,1900.0,1900.0,1850.0,1900.0,1900.0,1900.0,1900.0,1883.3333333333333,1864.2857142857142,1882.142857142857,1951.6666666666667,74.80132415430954,54.09088810348928,0.0,50.0,0.0,0.0,0.0,0.0,0.0,2009-05-02,,,
2009-05-20,Sugarcane,150,Thane,FAQ,Ulhasnagar,2000,1800,1900,Maharashtra,Other,200,0.5,2009,5,21,2,2,1900.0,1900.0,1900.0,1900.0,1700.0,1900.0,1900.0,1900.0,1864.2857142857142,1882.142857142857,1951.6666666666667,74.80132415430954,54.09088810348928,0.0,0.0,200.0,0.0,0.0,11.76470588235294,0.0,2009-05-22,1900.0,1900.0,0.0
2009-05-21,Sugarcane,150,Thane,FAQ,Ulhasnagar,2000,1800,1900,Maharashtra,Other,200,0.5,2009,5,21,3,2,1900.0,1900.0,1900.0,1850.0,1900.0,1900.0,1900.0,1900.0,1892.857142857143,1882.142857142857,1951.6666666666667,18.898223650461418,54.09088810348928,0.0,0.0,0.0,0.0,0.0,0.0,0.0,2009-05-23,,,
2009-05-22,Sugarcane,150,Thane,FAQ,Ulhasnagar,2000,1800,1900,Maharashtra,Other,200,0.5,2009,5,21,4,2,1900.0,1900.0,1900.0,1900.0,1900.0,1900.0,1900.0,1900.0,1892.857142857143,1882.142857142857,1951.6666666666667,18.898223650461418,54.09088810348928,0.0,0.0,0.0,0.0,0.0,0.0,0.0,2009-05-24,,,
2009-05-25,Sugarcane,150,Thane,FAQ,Ulhasnagar,2000,1800,1900,Maharashtra,Other,200,0.5,2009,5,22,0,2,1900.0,1900.0,1900.0,1900.0,1850.0,1900.0,1900.0,1900.0,1892.857142857143,1882.142857142857,1951.6666666666667,18.898223650461418,54.09088810348928,0.0,0.0,50.0,0.0,0.0,2.7027027027027026,0.0,2009-05-27,1900.0,1900.0,0.0
2009-05-26,Sugarcane,150,Thane,FAQ,Ulhasnagar,2200,2000,2100,Maharashtra,Other,200,0.5,2009,5,22,1,2,1900.0,1900.0,1900.0,1900.0,1900.0,1900.0,2100.0,1900.0,1900.0,1882.142857142857,1951.6666666666667,0.0,54.09088810348928,200.0,200.0,200.0,200.0,10.526315789473683,10.526315789473683,10.526315789473683,2009-05-28,1900.0,1900.0,-9.523809523809524
2009-05-27,Sugarcane,150,Thane,FAQ,Ulhasnagar,2000,1800,1900,Maharashtra,Other,200,0.5,2009,5,22,2,2,2100.0,1900.0,1900.0,1900.0,1900.0,1900.0,2100.0,1966.6666666666667,1928.5714285714287,1896.4285714285713,1951.6666666666667,75.59289460184543,79.57648887967852,-200.0,0.0,0.0,0.0,-9.523809523809524,0.0,0.0,2009-05-29,1900.0,1900.0,0.0
2009-05-28,Sugarcane,150,Thane,FAQ,Ulhasnagar,2000,1800,1900,Maharashtra,Other,200,0.5,2009,5,22,3,2,1900.0,2100.0,1900.0,1900.0,1900.0,1900.0,2100.0,1966.6666666666667,1928.5714285714287,1896.4285714285713,1945.0,75.59289460184543,79.57648887967852,0.0,0.0,0.0,0.0,0.0,0.0,0.0,2009-05-30,1900.0,1900.0,0.0
2009-05-29,Sugarcane,150,Thane,FAQ,Ulhasnagar,2000,1800,1900,Maharashtra,Other,200,0.5,2009,5,22,4,2,1900.0,1900.0,2100.0,1900.0,1900.0,1700.0,2100.0,1966.6666666666667,1928.5714285714287,1896.4285714285713,1938.3333333333333,75.59289460184543,79.57648887967852,0.0,-200.0,0.0,200.0,0.0,0.0,11.76470588235294,2009-05-31,,,
2009-05-30,Sugarcane,150,Thane,FAQ,Ulhasnagar,2000,1800,1900,Maharashtra,Other,200,0.5,2009,5,22,5,2,1900.0,1900.0,1900.0,1900.0,1900.0,1900.0,2100.0,1900.0,1928.5714285714287,1910.7142857142858,1931.6666666666667,75.59289460184543,56.08568797478025,0.0,0.0,0.0,0.0,0.0,0.0,0.0,2009-06-01,,,
2010-07-23,Sugarcane,150,Sholapur,FAQ,Barshi,2400,2400,2400,Maharashtra,Other,0,,2010,7,29,4,3,,,,,,,,,,,,,,,,,,,,,2010-07-25,,,
2010-11-08,Sugarcane,150,Thane,FAQ,Ulhasnagar,35000,32000,33000,Maharashtra,Other,3000,0.3333333333333333,2010,11,45,0,4,1900.0,1900.0,1900.0,2100.0,1900.0,1900.0,2100.0,1900.0,1928.5714285714287,1910.7142857142858,1925.0,75.59289460184543,56.08568797478025,31100.0,31100.0,31100.0,31100.0,1636.842105263158,1636.842105263158,1636.842105263158,2010-11-10,,,
2011-04-06,Sugarcane,150,Thane,FAQ,Ulhasnagar,40000,35000,36000,Maharashtra,Other,5000,0.2,2011,4,14,2,2,33000.0,1900.0,1900.0,1900.0,1900.0,1850.0,2100.0,12266.666666666666,6371.428571428572,4132.142857142857,2955.0,11742.332858183716,8308.929560392267,3000.0,34100.0,34100.0,34150.0,9.090909090909092,1794.736842105263,1845.945945945946,2011-04-08,,,
2013-09-17,Sugarcane,150,Thane,FAQ,Ulhasnagar,10,5,7,Maharashtra,Other,5,0.4,2013,9,38,1,3,36000.0,33000.0,1900.0,1900.0,2100.0,1900.0,2100.0,23633.333333333332,11242.857142857143,6571.428571428572,4085.0,15911.406510514938,11846.935895407307,-35993.0,-1893.0,-2093.0,-1893.0,-99.98055555555555,-99.66666666666667,-99.63157894736842,2013-09-19,,,
2013-10-27,Sugarcane,150,Nagpur,FAQ,Kamthi,800,200,500,Maharashtra,Other,600,0.5,2013,10,43,6,4,,,,,,,,,,,,,,,,,,,,,2013-10-29,1000.0,1000.0,100.0
2013-10-29,Sugarcane,150,Nagpur,FAQ,Kamthi,1200,800,1000,Maharashtra,Other,400,0.5,2013,10,44,1,4,500.0,,,,,,,,,,,,,500.0,,,,100.0,,,2013-10-31,500.0,500.0,-50.0
2013-10-31,Sugarcane,150,Nagpur,FAQ,Kamthi,600,400,500,Maharashtra,Other,200,0.5,2013,10,44,3,4,1000.0,500.0,,,,,,750.0,,,,,,-500.0,,,,-50.0,,,2013-11-02,400.0,400.0,-20.0
2013-11-02,Sugarcane,150,Nagpur,FAQ,Kamthi,500,300,400,Maharashtra,Other,200,0.5,2013,11,44,5,4,500.0,1000.0,500.0,,,,,666.6666666666666,666.6666666666666,,,288.67513459481285,,-100.0,-100.0,,,-20.0,,,2013-11-04,,,
2013-11-13,Sugarcane,150,Nagpur,FAQ,Kamthi,600,400,500,Maharashtra,Other,200,0.5,2013,11,46,2,4,400.0,500.0,1000.0,,,,,633.3333333333334,600.0,,,270.801280154532,,100.0,-500.0,,,25.0,,,2013-11-15,,,
2014-10-03,Sugarcane,150,Nagpur,FAQ,Kamthi,400,200,300,Maharashtra,Other,200,0.5,2014,10,40,4,4,500.0,400.0,500.0,500.0,,,,466.6666666666667,580.0,580.0,,238.74672772626644,238.74672772626644,-200.0,-200.0,,,-40.0,,,2014-10-05,,,
2014-10-22,Sugarcane,150,Nagpur,FAQ,Kamthi,1000,600,800,Maharashtra,Other,400,0.5,2014,10,43,2,4,300.0,500.0,400.0,1000.0,,,,400.0,533.3333333333334,533.3333333333334,,242.21202832779935,242.21202832779935,500.0,400.0,,,166.66666666666669,,,2014-10-24,,,
2014-11-02,Sugarcane,150,Nagpur,FAQ,Kamthi,1000,600,800,Maharashtra,Other,400,0.5,2014,11,44,6,4,800.0,300.0,500.0,500.0,500.0,,,533.3333333333334,571.4285714285714,571.4285714285714,,242.99715851758236,242.99715851758236,0.0,300.0,300.0,,0.0,60.0,,2014-11-04,,,
2015-12-07,Sugarcane,150,Thane,FAQ,Ulhasnagar,500,300,400,Maharashtra,Other,200,0.5,2015,12,50,0,4,7.0,36000.0,33000.0,1900.0,1900.0,1900.0,1900.0,23002.333333333332,10943.857142857143,6436.214285714285,4015.233333333333,16130.013354288452,11914.961791336598,393.0,-32600.0,-1500.0,-1500.0,5614.285714285715,-78.94736842105263,-78.94736842105263,2015-12-09,500.0,500.0,25.0
2015-12-08,Sugarcane,150,Thane,FAQ,Ulhasnagar,4000,3500,3750,Maharashtra,Other,500,0.5,2015,12,50,1,4,400.0,7.0,36000.0,1900.0,1900.0,1900.0,2100.0,12135.666666666666,10729.57142857143,6329.071428571428,3965.233333333333,16279.456009104879,11965.527462508453,3350.0,-32250.0,1850.0,1850.0,837.5,97.36842105263158,97.36842105263158,2015-12-10,3250.0,3250.0,-13.333333333333334
2015-12-09,Sugarcane,150,Thane,FAQ,Ulhasnagar,600,400,500,Maharashtra,Other,200,0.5,2015,12,50,2,4,3750.0,400.0,7.0,33000.0,1900.0,1900.0,1900.0,1385.6666666666667,10993.857142857143,6461.214285714285,4020.233333333333,16126.522072128793,11922.991649482374,-3250.0,493.0,-1400.0,-1400.0,-86.66666666666667,-73.68421052631578,-73.68421052631578,2015-12-11,3000.0,3000.0,500.0
2015-12-10,Sugarcane,150,Thane,FAQ,Ulhasnagar,3500,2800,3250,Maharashtra,Other,700,0.6428571428571429,2015,12,50,3,4,500.0,3750.0,400.0,36000.0,1900.0,1900.0,1900.0,1550.0,10793.857142857143,6361.214285714285,3973.5666666666666,16266.176998387087,11969.96847356925,2750.0,2850.0,1350.0,1350.0,550.0,71.05263157894737,71.05263157894737,2015-12-12,500.0,500.0,-84.61538461538461
2015-12-11,Sugarcane,150,Thane,FAQ,Ulhasnagar,3200,2800,3000,Maharashtra,Other,400,0.5,2015,12,50,4,4,3250.0,500.0,3750.0,7.0,33000.0,1900.0,1900.0,2500.0,10986.714285714286,6457.642857142857,4018.5666666666666,16150.747214027857,11936.656313204317,-250.0,-750.0,-30000.0,1100.0,-7.6923076923076925,-90.9090909090909,57.89473684210527,2015-12-13,,,
2015-12-12,Sugarcane,150,Thane,FAQ,Ulhasnagar,650,350,500,Maharashtra,Other,300,0.5,2015,12,50,5,4,3000.0,3250.0,500.0,400.0,36000.0,1900.0,1900.0,2250.0,6701.0,6536.214285714285,4055.233333333333,13010.96487582685,11907.934292075837,-2500.0,0.0,-35500.0,-1400.0,-83.33333333333334,-98.61111111111111,-73.68421052631578,2015-12-14,550.0,550.0,10.0
2015-12-14,Sugarcane,150,Thane,FAQ,Ulhasnagar,700,400,550,Maharashtra,Other,300,0.5,2015,12,51,0,4,500.0,3000.0,3250.0,3750.0,7.0,2100.0,1900.0,2250.0,1629.5714285714287,6436.214285714285,4008.5666666666666,1617.4325186482988,11955.645876955576,50.0,-2700.0,543.0,-1550.0,10.0,7757.142857142857,-73.80952380952381,2015-12-16,,,
2015-12-15,Sugarcane,150,Thane,FAQ,Ulhasnagar,700,400,550,Maharashtra,Other,300,0.5,2015,12,51,1,4,550.0,500.0,3000.0,500.0,400.0,1900.0,1900.0,1350.0,1707.142857142857,6325.5,3963.5666666666666,1537.7008192505577,12005.960844834217,0.0,-2450.0,150.0,-1350.0,0.0,37.5,-71.05263157894737,2015-12-17,450.0,450.0,-18.181818181818183
2015-12-17,Sugarcane,150,Thane,FAQ,Ulhasnagar,500,400,450,Maharashtra,Other,100,0.5,2015,12,51,3,4,550.0,550.0,500.0,3250.0,3750.0,1900.0,1900.0,533.3333333333334,1728.5714285714287,6229.071428571428,3918.5666666666666,1517.3598625181105,12049.581597998049,-100.0,-50.0,-3300.0,-1450.0,-18.181818181818183,-88.0,-76.31578947368422,2015-12-19,,,
2015-12-21,Sugarcane,150,Thane,FAQ,Ulhasnagar,600,400,500,Maharashtra,Other,200,0.5,2015,12,52,0,4,450.0,550.0,550.0,3000.0,500.0,1900.0,1900.0,516.6666666666666,1257.142857142857,6125.5,3870.233333333333,1278.484966483313,12095.797253273871,50.0,-50.0,0.0,-1400.0,11.11111111111111,0.0,-73.68421052631578,2015-12-23,500.0,500.0,0.0
2015-12-22,Sugarcane,150,Thane,FAQ,Ulhasnagar,800,400,600,Maharashtra,Other,400,0.5,2015,12,52,1,4,500.0,450.0,550.0,500.0,3250.0,1900.0,1900.0,500.0,1257.142857142857,6025.5,3823.5666666666666,1278.484966483313,12139.127599816036,100.0,50.0,-2650.0,-1300.0,20.0,-81.53846153846153,-68.42105263157895,2015-12-24,,,
2015-12-23,Sugarcane,150,Thane,FAQ,Ulhasnagar,600,400,500,Maharashtra,Other,200,0.5,2015,12,52,2,4,600.0,500.0,450.0,550.0,3000.0,33000.0,1700.0,516.6666666666666,878.5714285714286,5932.642857142857,3780.233333333333,936.6861546862865,12178.02254761953,-100.0,50.0,-2500.0,-32500.0,-16.666666666666664,-83.33333333333334,-98.48484848484848,2015-12-25,,,
2015-12-28,Sugarcane,150,Thane,FAQ,Ulhasnagar,600,400,500,Maharashtra,Other,200,0.5,2015,12,53,0,4,500.0,600.0,500.0,550.0,500.0,36000.0,1900.0,533.3333333333334,521.4285714285714,3611.214285714286,3740.233333333333,48.79500364774011,9402.865309440125,0.0,0.0,0.0,-35500.0,0.0,0.0,-98.61111111111111,2015-12-30,450.0,450.0,-10.0
2015-12-29,Sugarcane,150,Thane,FAQ,Ulhasnagar,600,300,450,Maharashtra,Other,300,0.5,2015,12,53,1,4,500.0,500.0,600.0,450.0,550.0,7.0,1900.0,533.3333333333334,521.4285714285714,1075.5,3693.5666666666666,48.79500364774011,1240.6185026956384,-50.0,-150.0,-100.0,443.0,-10.0,-18.181818181818183,6328.571428571428,2015-12-31,500.0,500.0,11.11111111111111
2015-12-30,Sugarcane,150,Thane,FAQ,Ulhasnagar,600,300,450,Maharashtra,Other,300,0.5,2015,12,53,2,4,450.0,500.0,500.0,500.0,550.0,400.0,1850.0,483.3333333333333,507.14285714285717,1107.142857142857,3645.233333333333,53.45224838277146,1216.6879921860284,0.0,-50.0,-100.0,50.0,0.0,-18.181818181818183,12.5,2016-01-01,,,
2015-12-31,Sugarcane,150,Thane,FAQ,Ulhasnagar,600,300,500,Maharashtra,Other,300,0.6666666666666666,2015,12,53,3,4,450.0,450.0,500.0,600.0,450.0,3750.0,1900.0,466.6666666666667,492.85714285714283,1110.7142857142858,3598.5666666666666,53.45224838277191,1214.5240554713932,50.0,0.0,50.0,-3250.0,11.11111111111111,11.11111111111111,-86.66666666666667,2016-01-02,450.0,450.0,-10.0
2016-01-02,Sugarcane,150,Thane,FAQ,Ulhasnagar,600,300,450,Maharashtra,Other,300,0.5,2016,1,53,5,1,500.0,450.0,450.0,500.0,500.0,500.0,1900.0,466.6666666666667,500.0,878.5714285714286,3551.9,50.00000000030661,953.8816016100257,-50.0,0.0,-50.0,-50.0,-10.0,-10.0,-10.0,2016-01-04,,,
2016-01-05,Sugarcane,150,Thane,FAQ,Ulhasnagar,400,300,350,Maharashtra,Other,100,0.5,2016,1,1,1,1,450.0,500.0,450.0,500.0,600.0,3250.0,1900.0,466.6666666666667,492.85714285714283,875.0,3503.5666666666666,53.45224838277191,955.5002717062758,-100.0,-100.0,-250.0,-2900.0,-22.22222222222222,-41.66666666666667,-89.23076923076924,2016-01-07,500.0,500.0,42.857142857142854
2016-01-06,Sugarcane,150,Thane,FAQ,Ulhasnagar,500,300,400,Maharashtra,Other,200,0.5,2016,1,1,2,1,350.0,450.0,500.0,450.0,500.0,3000.0,1900.0,433.3333333333333,457.14285714285717,667.8571428571429,3451.9,53.45224838277305,673.854339104281,50.0,-100.0,-100.0,-2600.0,14.285714285714285,-20.0,-86.66666666666667,2016-01-08,350.0,350.0,-12.5
2016-01-07,Sugarcane,150,Thane,FAQ,Ulhasnagar,600,400,500,Maharashtra,Other,200,0.5,2016,1,1,3,1,400.0,350.0,450.0,450.0,500.0,500.0,1900.0,400.0,442.85714285714283,482.14285714285717,3401.9,53.452248382773504,63.87229704392048,100.0,50.0,0.0,0.0,25.0,0.0,0.0,2016-01-09,450.0,450.0,-10.0
2016-01-08,Sugarcane,150,Thane,FAQ,Ulhasnagar,400,300,350,Maharashtra,Other,100,0.5,2016,1,1,4,1,500.0,400.0,350.0,500.0,450.0,550.0,1900.0,416.6666666666667,442.85714285714283,482.14285714285717,3355.233333333333,53.452248382773504,63.87229704392048,-150.0,0.0,-100.0,-200.0,-30.0,-22.22222222222222,-36.36363636363637,2016-01-10,,,
2016-01-09,Sugarcane,150,Thane,FAQ,Ulhasnagar,600,300,450,Maharashtra,Other,300,0.5,2016,1,1,5,1,350.0,500.0,400.0,450.0,450.0,550.0,1900.0,416.6666666666667,428.57142857142856,467.85714285714283,3303.5666666666666,63.62090102827805,69.63405128884524,100.0,50.0,0.0,-100.0,28.57142857142857,0.0,-18.181818181818183,2016-01-11,450.0,450.0,0.0
2016-01-11,Sugarcane,150,Thane,FAQ,Ulhasnagar,600,300,450,Maharashtra,Other,300,0.5,2016,1,2,0,1,450.0,350.0,500.0,350.0,500.0,450.0,2100.0,433.3333333333333,428.57142857142856,460.7142857142857,3255.233333333333,63.62090102827805,65.57019558798764,0.0,-50.0,-50.0,0.0,0.0,-10.0,0.0,2016-01-13,450.0,450.0,0.0
2016-01-13,Sugarcane,150,Thane,FAQ,Ulhasnagar,600,300,450,Maharashtra,Other,300,0.5,2016,1,2,2,1,450.0,450.0,350.0,400.0,450.0,500.0,1900.0,416.6666666666667,421.42857142857144,460.7142857142857,3200.233333333333,56.69467095165683,65.57019558798764,0.0,100.0,0.0,-50.0,0.0,0.0,-10.0,2016-01-15,400.0,400.0,-11.11111111111111
2016-01-14,Sugarcane,150,Thane,FAQ,Ulhasnagar,600,300,450,Maharashtra,Other,300,0.5,2016,1,2,3,1,450.0,450.0,450.0,500.0,350.0,600.0,1900.0,450.0,421.42857142857144,457.14285714285717,3151.9,56.69467095165683,64.62061726585847,0.0,0.0,100.0,-150.0,0.0,28.57142857142857,-25.0,2016-01-16,,,
2016-01-15,Sugarcane,150,Thane,FAQ,Ulhasnagar,500,300,400,Maharashtra,Other,200,0.5,2016,1,2,4,1,450.0,450.0,450.0,350.0,400.0,500.0,1900.0,450.0,435.7142857142857,446.42857142857144,3103.5666666666666,47.55948656089172,49.86244815750713,-50.0,-50.0,0.0,-100.0,-11.11111111111111,0.0,-20.0,2016-01-17,,,
2016-01-18,Sugarcane,150,Thane,FAQ,Ulhasnagar,600,300,450,Maharashtra,Other,300,0.5,2016,1,3,0,1,400.0,450.0,450.0,450.0,500.0,500.0,1900.0,433.3333333333333,435.7142857142857,439.2857142857143,3053.5666666666666,47.55948656089172,48.748062796073754,50.0,0.0,-50.0,-50.0,12.5,-10.0,-10.0,2016-01-20,450.0,450.0,0.0
2016-01-19,Sugarcane,150,Thane,FAQ,Ulhasnagar,600,300,450,Maharashtra,Other,300,0.5,2016,1,3,1,1,450.0,400.0,450.0,450.0,350.0,450.0,33000.0,433.3333333333333,428.57142857142856,435.7142857142857,3005.233333333333,39.33978962386492,45.693676673128394,0.0,0.0,100.0,0.0,0.0,28.57142857142857,0.0,2016-01-21,400.0,400.0,-11.11111111111111
2016-01-20,Sugarcane,150,Thane,FAQ,Ulhasnagar,600,300,450,Maharashtra,Other,300,0.5,2016,1,3,2,1,450.0,450.0,400.0,450.0,450.0,450.0,36000.0,433.3333333333333,442.85714285714283,435.7142857142857,1920.2333333333333,18.898223651277707,45.693676673128394,0.0,50.0,0.0,0.0,0.0,0.0,0.0,2016-01-22,450.0,450.0,0.0
2016-01-21,Sugarcane,150,Thane,FAQ,Ulhasnagar,500,300,400,Maharashtra,Other,200,0.5,2016,1,3,3,1,450.0,450.0,450.0,450.0,450.0,500.0,7.0,450.0,442.85714285714283,435.7142857142857,735.2333333333333,18.898223651277707,45.693676673128394,-50.0,-50.0,-50.0,-100.0,-11.11111111111111,-11.11111111111111,-20.0,2016-01-23,,,
2016-01-22,Sugarcane,150,Thane,FAQ,Ulhasnagar,600,300,450,Maharashtra,Other,300,0.5,2016,1,3,4,1,400.0,450.0,450.0,400.0,450.0,450.0,400.0,433.3333333333333,435.7142857142857,428.57142857142856,748.3333333333334,24.397501824346158,42.58153136258838,50.0,0.0,0.0,0.0,12.5,0.0,0.0,2016-01-24,,,
2016-01-25,Sugarcane,150,Thane,FAQ,Ulhasnagar,600,300,450,Maharashtra,Other,300,0.5,2016,1,4,0,1,450.0,400.0,450.0,450.0,450.0,350.0,3750.0,433.3333333333333,435.7142857142857,428.57142857142856,750.0,24.397501824346158,42.58153136258838,0.0,0.0,0.0,100.0,0.0,0.0,28.57142857142857,2016-01-27,400.0,400.0,-11.11111111111111
2016-01-27,Sugarcane,150,Thane,FAQ,Ulhasnagar,500,300,400,Maharashtra,Other,200,0.5,2016,1,4,2,1,450.0,450.0,400.0,450.0,400.0,400.0,500.0,433.3333333333333,435.7142857142857,435.7142857142857,640.0,24.397501824346158,36.31365196007734,-50.0,0.0,0.0,0.0,-11.11111111111111,0.0,0.0,2016-01-29,,,
2016-02-02,Sugarcane,150,Thane,FAQ,Ulhasnagar,500,300,400,Maharashtra,Other,200,0.5,2016,2,5,1,1,400.0,450.0,450.0,450.0,450.0,500.0,3250.0,433.3333333333333,435.7142857142857,435.7142857142857,636.6666666666666,24.397501824346158,36.31365196007734,0.0,-50.0,-50.0,-100.0,0.0,-11.11111111111111,-20.0,2016-02-04,,,
2016-02-03,Sugarcane,150,Thane,FAQ,Ulhasnagar,600,300,450,Maharashtra,Other,300,0.5,2016,2,5,2,1,400.0,400.0,450.0,400.0,450.0,350.0,3000.0,416.6666666666667,428.57142857142856,428.57142857142856,541.6666666666666,26.726124191820578,32.31030863288571,50.0,0.0,0.0,100.0,12.5,0.0,28.57142857142857,2016-02-05,400.0,400.0,-11.11111111111111
2016-02-05,Sugarcane,150,Thane,FAQ,Ulhasnagar,500,300,400,Maharashtra,Other,200,0.5,2016,2,5,4,1,450.0,400.0,400.0,450.0,450.0,450.0,500.0,416.6666666666667,428.57142857142856,435.7142857142857,456.6666666666667,26.726124191820578,23.440361546846052,-50.0,0.0,-50.0,-50.0,-11.11111111111111,-11.11111111111111,-11.11111111111111,2016-02-07,,,
2016-02-09,Sugarcane,150,Thane,FAQ,Ulhasnagar,500,300,400,Maharashtra,Other,200,0.5,2016,2,6,1,1,400.0,450.0,400.0,450.0,400.0,450.0,550.0,416.6666666666667,421.42857142857144,432.14285714285717,453.3333333333333,26.726124191821032,24.86225790486787,0.0,0.0,0.0,-50.0,0.0,0.0,-11.11111111111111,2016-02-11,400.0,400.0,0.0
2016-02-10,Sugarcane,150,Thane,FAQ,Ulhasnagar,500,300,400,Maharashtra,Other,200,0.5,2016,2,6,2,1,400.0,400.0,450.0,400.0,450.0,450.0,550.0,416.6666666666667,421.42857142857144,428.57142857142856,448.3333333333333,26.726124191821032,25.677629550582413,0.0,-50.0,-50.0,-50.0,0.0,-11.11111111111111,-11.11111111111111,2016-02-12,,,
2016-02-11,Sugarcane,150,Thane,FAQ,Ulhasnagar,500,300,400,Maharashtra,Other,200,0.5,2016,2,6,3,1,400.0,400.0,400.0,400.0,450.0,450.0,450.0,400.0,414.2857142857143,425.0,443.3333333333333,24.397501824347636,25.94372608306668,0.0,0.0,-50.0,-50.0,0.0,-11.11111111111111,-11.11111111111111,2016-02-13,,,
2016-02-16,Sugarcane,150,Thane,FAQ,Ulhasnagar,500,300,400,Maharashtra,Other,200,0.5,2016,2,7,1,1,400.0,400.0,400.0,450.0,400.0,400.0,500.0,400.0,407.14285714285717,421.42857142857144,441.6666666666667,18.898223651280865,25.677629550581916,0.0,0.0,0.0,0.0,0.0,0.0,0.0,2016-02-18,,,
2016-02-17,Sugarcane,150,Thane,FAQ,Ulhasnagar,500,300,400,Maharashtra,Other,200,0.5,2016,2,7,2,1,400.0,400.0,400.0,400.0,400.0,450.0,600.0,400.0,407.14285714285717,421.42857142857144,438.3333333333333,18.898223651280865,25.677629550581916,0.0,0.0,0.0,-50.0,0.0,0.0,-11.11111111111111,2016-02-19,,,
2016-02-20,Sugarcane,150,Thane,FAQ,Ulhasnagar,500,300,400,Maharashtra,Other,200,0.5,2016,2,7,5,1,400.0,400.0,400.0,400.0,450.0,450.0,500.0,400.0,407.14285714285717,417.85714285714283,431.6666666666667,18.898223651280865,24.862257904866834,0.0,0.0,-50.0,-50.0,0.0,-11.11111111111111,-11.11111111111111,2016-02-22,,,
2016-02-29,Sugarcane,150,Thane,FAQ,Ulhasnagar,500,300,400,Maharashtra,Other,200,0.5,2016,2,9,0,1,400.0,400.0,400.0,400.0,400.0,450.0,500.0,400.0,400.0,414.2857142857143,428.3333333333333,0.0001760605652455989,23.440361546844407,0.0,0.0,0.0,-50.0,0.0,0.0,-11.11111111111111,2016-03-02,,,
2016-03-01,Sugarcane,150,Thane,FAQ,Ulhasnagar,500,300,400,Maharashtra,Other,200,0.5,2016,3,9,1,1,400.0,400.0,400.0,400.0,400.0,400.0,450.0,400.0,400.0,410.7142857142857,425.0,0.0001760605652455989,21.29076568122722,0.0,0.0,0.0,0.0,0.0,0.0,0.0,2016-03-03,450.0,450.0,12.5
2016-03-03,Sugarcane,150,Thane,FAQ,Ulhasnagar,500,300,450,Maharashtra,Other,200,0.75,2016,3,9,3,1,400.0,400.0,400.0,400.0,400.0,450.0,450.0,400.0,400.0,410.7142857142857,423.3333333333333,0.0001760605652455989,21.29076568122722,50.0,50.0,50.0,0.0,12.5,12.5,0.0,2016-03-05,,,
2016-03-04,Sugarcane,150,Thane,FAQ,Ulhasnagar,500,300,400,Maharashtra,Other,200,0.5,2016,3,9,4,1,450.0,400.0,400.0,400.0,400.0,450.0,500.0,416.6666666666667,407.14285714285717,410.7142857142857,423.3333333333333,18.898223651280865,21.29076568122722,-50.0,0.0,0.0,-50.0,-11.11111111111111,0.0,-11.11111111111111,2016-03-06,,,
2016-03-08,Sugarcane,150,Thane,FAQ,Ulhasnagar,500,300,400,Maharashtra,Other,200,0.5,2016,3,10,1,1,400.0,450.0,400.0,400.0,400.0,400.0,450.0,416.6666666666667,407.14285714285717,407.14285714285717,420.0,18.898223651280865,18.15682597995961,0.0,0.0,0.0,0.0,0.0,0.0,0.0,2016-03-10,,,
2016-03-09,Sugarcane,150,Thane,FAQ,Ulhasnagar,500,300,400,Maharashtra,Other,200,0.5,2016,3,10,2,1,400.0,400.0,450.0,400.0,400.0,400.0,350.0,416.6666666666667,407.14285714285717,407.14285714285717,418.3333333333333,18.898223651280865,18.15682597995961,0.0,-50.0,0.0,0.0,0.0,0.0,0.0,2016-03-11,400.0,400.0,0.0
2016-03-11,Sugarcane,150,Thane,FAQ,Ulhasnagar,500,300,400,Maharashtra,Other,200,0.5,2016,3,10,4,1,400.0,400.0,400.0,400.0,400.0,450.0,400.0,400.0,407.14285714285717,407.14285714285717,420.0,18.898223651280865,18.15682597995961,0.0,0.0,0.0,-50.0,0.0,0.0,-11.11111111111111,2016-03-13,,,
2016-03-12,Sugarcane,150,Thane,FAQ,Ulhasnagar,500,300,400,Maharashtra,Other,200,0.5,2016,3,10,5,1,400.0,400.0,400.0,450.0,400.0,400.0,500.0,400.0,407.14285714285717,403.57142857142856,420.0,18.898223651280865,13.3630620954788,0.0,0.0,0.0,0.0,0.0,0.0,0.0,2016-03-14,400.0,400.0,0.0
2016-03-14,Sugarcane,150,Thane,FAQ,Ulhasnagar,500,300,400,Maharashtra,Other,200,0.5,2016,3,11,0,1,400.0,400.0,400.0,400.0,400.0,400.0,350.0,400.0,407.14285714285717,403.57142857142856,416.6666666666667,18.898223651280865,13.3630620954788,0.0,0.0,0.0,0.0,0.0,0.0,0.0,2016-03-16,400.0,400.0,0.0
2016-03-15,Sugarcane,150,Thane,FAQ,Ulhasnagar,500,300,400,Maharashtra,Other,200,0.5,2016,3,11,1,1,400.0,400.0,400.0,400.0,450.0,400.0,450.0,400.0,407.14285714285717,403.57142857142856,418.3333333333333,18.898223651280865,13.3630620954788,0.0,0.0,-50.0,0.0,0.0,-11.11111111111111,0.0,2016-03-17,400.0,400.0,0.0
2016-03-16,Sugarcane,150,Thane,FAQ,Ulhasnagar,500,300,400,Maharashtra,Other,200,0.5,2016,3,11,2,1,400.0,400.0,400.0,400.0,400.0,400.0,450.0,400.0,400.0,403.57142857142856,416.6666666666667,0.0001760605652455989,13.3630620954788,0.0,0.0,0.0,0.0,0.0,0.0,0.0,2016-03-18,,,
2016-03-17,Sugarcane,150,Thane,FAQ,Ulhasnagar,500,300,400,Maharashtra,Other,200,0.5,2016,3,11,3,1,400.0,400.0,400.0,400.0,400.0,400.0,450.0,400.0,400.0,403.57142857142856,415.0,0.0001760605652455989,13.3630620954788,0.0,0.0,0.0,0.0,0.0,0.0,0.0,2016-03-19,,,
2016-03-21,Sugarcane,150,Thane,FAQ,Ulhasnagar,500,300,400,Maharashtra,Other,200,0.5,2016,3,12,0,1,400.0,400.0,400.0,400.0,400.0,400.0,450.0,400.0,400.0,403.57142857142856,413.3333333333333,0.0001760605652455989,13.3630620954788,0.0,0.0,0.0,0.0,0.0,0.0,0.0,2016-03-23,,,
2016-03-22,Sugarcane,150,Thane,FAQ,Ulhasnagar,500,300,400,Maharashtra,Other,200,0.5,2016,3,12,1,1,400.0,400.0,400.0,400.0,400.0,400.0,400.0,400.0,400.0,403.57142857142856,411.6666666666667,0.0001760605652455989,13.3630620954788,0.0,0.0,0.0,0.0,0.0,0.0,0.0,2016-03-24,,,
2016-03-28,Sugarcane,150,Thane,FAQ,Ulhasnagar,500,300,400,Maharashtra,Other,200,0.5,2016,3,13,0,1,400.0,400.0,400.0,400.0,400.0,400.0,450.0,400.0,400.0,403.57142857142856,411.6666666666667,0.0001760605652455989,13.3630620954788,0.0,0.0,0.0,0.0,0.0,0.0,0.0,2016-03-30,,,
2016-03-29,Sugarcane,150,Thane,FAQ,Ulhasnagar,500,300,400,Maharashtra,Other,200,0.5,2016,3,13,1,1,400.0,400.0,400.0,400.0,400.0,400.0,450.0,400.0,400.0,403.57142857142856,410.0,0.0001760605652455989,13.3630620954788,0.0,0.0,0.0,0.0,0.0,0.0,0.0,2016-03-31,,,
2016-04-04,Sugarcane,150,Thane,FAQ,Ulhasnagar,500,300,400,Maharashtra,Other,200,0.5,2016,4,14,0,2,400.0,400.0,400.0,400.0,400.0,450.0,450.0,400.0,400.0,403.57142857142856,408.3333333333333,0.0001760605652455989,13.3630620954788,0.0,0.0,0.0,-50.0,0.0,0.0,-11.11111111111111,2016-04-06,300.0,300.0,-25.0
2016-04-05,Sugarcane,150,Thane,FAQ,Ulhasnagar,500,300,400,Maharashtra,Other,200,0.5,2016,4,14,1,2,400.0,400.0,400.0,400.0,400.0,400.0,400.0,400.0,400.0,400.0,406.6666666666667,0.0001760605652455989,0.0,0.0,0.0,0.0,0.0,0.0,0.0,0.0,2016-04-07,,,
2016-04-06,Sugarcane,150,Thane,FAQ,Ulhasnagar,550,250,300,Maharashtra,Other,300,0.16666666666666666,2016,4,14,2,2,400.0,400.0,400.0,400.0,400.0,400.0,450.0,400.0,400.0,400.0,406.6666666666667,0.0001760605652455989,0.0,-100.0,-100.0,-100.0,-100.0,-25.0,-25.0,-25.0,2016-04-08,,,
2016-04-11,Sugarcane,150,Thane,FAQ,Ulhasnagar,500,300,400,Maharashtra,Other,200,0.5,2016,4,15,0,2,300.0,400.0,400.0,400.0,400.0,400.0,450.0,366.6666666666667,385.7142857142857,392.85714285714283,401.6666666666667,37.79644730133338,26.726124191242434,100.0,0.0,0.0,0.0,33.33333333333333,0.0,0.0,2016-04-13,450.0,450.0,12.5
2016-04-13,Sugarcane,150,Thane,FAQ,Ulhasnagar,600,300,450,Maharashtra,Other,300,0.5,2016,4,15,2,2,400.0,300.0,400.0,400.0,400.0,400.0,400.0,366.6666666666667,385.7142857142857,392.85714285714283,400.0,37.79644730133338,26.726124191242434,50.0,50.0,50.0,50.0,12.5,12.5,12.5,2016-04-15,,,
2016-04-16,Sugarcane,150,Thane,FAQ,Ulhasnagar,500,300,400,Maharashtra,Other,200,0.5,2016,4,15,5,2,450.0,400.0,300.0,400.0,400.0,400.0,400.0,383.3333333333333,392.85714285714283,396.42857142857144,401.6666666666667,44.98677054246664,30.7863963107441,-50.0,100.0,0.0,0.0,-11.11111111111111,0.0,0.0,2016-04-18,400.0,400.0,0.0
2016-04-18,Sugarcane,150,Thane,FAQ,Ulhasnagar,500,300,400,Maharashtra,Other,200,0.5,2016,4,16,0,2,400.0,450.0,400.0,400.0,400.0,400.0,450.0,416.6666666666667,392.85714285714283,396.42857142857144,401.6666666666667,44.98677054246664,30.7863963107441,0.0,0.0,0.0,0.0,0.0,0.0,0.0,2016-04-20,,,
2016-04-19,Sugarcane,150,Thane,FAQ,Ulhasnagar,500,300,400,Maharashtra,Other,200,0.5,2016,4,16,1,2,400.0,400.0,450.0,300.0,400.0,400.0,400.0,416.6666666666667,392.85714285714283,396.42857142857144,400.0,44.98677054246664,30.7863963107441,0.0,-50.0,0.0,0.0,0.0,0.0,0.0,2016-04-21,,,
2016-04-25,Sugarcane,150,Thane,FAQ,Ulhasnagar,600,300,400,Maharashtra,Other,300,0.3333333333333333,2016,4,17,0,2,400.0,400.0,400.0,400.0,400.0,400.0,400.0,400.0,392.85714285714283,396.42857142857144,400.0,44.98677054246664,30.7863963107441,0.0,0.0,0.0,0.0,0.0,0.0,0.0,2016-04-27,,,
2016-04-28,Sugarcane,150,Chattrapati Sambhajinagar,FAQ,Sillod,3000,2800,3000,Maharashtra,Other,200,1.0,2016,4,17,3,2,,,,,,,,,,,,,,,,,,,,,2016-04-30,,,
2016-04-29,Sugarcane,150,Thane,FAQ,Ulhasnagar,600,300,450,Maharashtra,Other,300,0.5,2016,4,17,4,2,400.0,400.0,400.0,450.0,300.0,400.0,400.0,400.0,392.85714285714283,396.42857142857144,400.0,44.98677054246664,30.7863963107441,50.0,50.0,150.0,50.0,12.5,50.0,12.5,2016-05-01,500.0,500.0,11.11111111111111
2016-04-30,Sugarcane,150,Thane,FAQ,Ulhasnagar,600,300,450,Maharashtra,Other,300,0.5,2016,4,17,5,2,450.0,400.0,400.0,400.0,400.0,400.0,400.0,416.6666666666667,414.2857142857143,400.0,401.6666666666667,24.39750182434761,33.96831102433787,0.0,50.0,50.0,50.0,0.0,12.5,12.5,2016-05-02,400.0,400.0,-11.11111111111111
2016-05-01,Sugarcane,150,Thane,FAQ,Ulhasnagar,700,300,500,Maharashtra,Other,400,0.5,2016,5,17,6,2,450.0,450.0,400.0,400.0,450.0,400.0,400.0,433.3333333333333,421.42857142857144,403.57142857142856,403.3333333333333,26.72612419182101,36.50229557736859,50.0,100.0,50.0,100.0,11.11111111111111,11.11111111111111,25.0,2016-05-03,400.0,400.0,-20.0
2016-05-02,Sugarcane,150,Thane,FAQ,Ulhasnagar,700,300,400,Maharashtra,Other,400,0.25,2016,5,18,0,2,500.0,450.0,450.0,400.0,400.0,400.0,400.0,466.6666666666667,428.57142857142856,410.7142857142857,406.6666666666667,39.33978962386492,44.62911876519906,-100.0,-50.0,0.0,0.0,-20.0,0.0,0.0,2016-05-04,400.0,400.0,0.0
2016-05-03,Sugarcane,150,Thane,FAQ,Ulhasnagar,600,300,400,Maharashtra,Other,300,0.3333333333333333,2016,5,18,1,2,400.0,500.0,450.0,400.0,400.0,400.0,400.0,450.0,428.57142857142856,410.7142857142857,406.6666666666667,39.33978962386492,44.62911876519906,0.0,-50.0,0.0,0.0,0.0,0.0,0.0,2016-05-05,450.0,450.0,12.5
2016-05-04,Sugarcane,150,Thane,FAQ,Ulhasnagar,650,250,400,Maharashtra,Other,400,0.375,2016,5,18,2,2,400.0,400.0,500.0,450.0,400.0,400.0,400.0,433.3333333333333,428.57142857142856,410.7142857142857,406.6666666666667,39.33978962386492,44.62911876519906,0.0,-100.0,0.0,0.0,0.0,0.0,0.0,2016-05-06,,,
2016-05-05,Sugarcane,150,Thane,FAQ,Ulhasnagar,600,300,450,Maharashtra,Other,300,0.5,2016,5,18,3,2,400.0,400.0,400.0,450.0,400.0,400.0,400.0,400.0,428.57142857142856,410.7142857142857,406.6666666666667,39.33978962386492,44.62911876519906,50.0,50.0,50.0,50.0,12.5,12.5,12.5,2016-05-07,,,
2016-05-09,Sugarcane,150,Thane,FAQ,Ulhasnagar,500,300,450,Maharashtra,Other,200,0.75,2016,5,19,0,2,450.0,400.0,400.0,500.0,450.0,300.0,450.0,416.6666666666667,435.7142857142857,414.2857142857143,408.3333333333333,37.79644730133121,45.69367667316879,0.0,50.0,0.0,150.0,0.0,0.0,50.0,2016-05-11,400.0,400.0,-11.11111111111111
2016-05-10,Sugarcane,150,Thane,FAQ,Ulhasnagar,500,300,400,Maharashtra,Other,200,0.5,2016,5,19,1,2,450.0,450.0,400.0,400.0,450.0,400.0,400.0,433.3333333333333,435.7142857142857,425.0,408.3333333333333,37.79644730133121,32.522181779399595,-50.0,0.0,-50.0,0.0,-11.11111111111111,-11.11111111111111,0.0,2016-05-12,450.0,450.0,12.5
2016-05-11,Sugarcane,150,Thane,FAQ,Ulhasnagar,500,300,400,Maharashtra,Other,200,0.5,2016,5,19,2,2,400.0,450.0,450.0,400.0,500.0,450.0,400.0,433.3333333333333,428.57142857142856,425.0,408.3333333333333,39.33978962386492,32.522181779399595,0.0,-50.0,-100.0,-50.0,0.0,-20.0,-11.11111111111111,2016-05-13,450.0,450.0,12.5
2016-05-12,Sugarcane,150,Thane,FAQ,Ulhasnagar,500,300,450,Maharashtra,Other,200,0.75,2016,5,19,3,2,400.0,400.0,450.0,400.0,400.0,400.0,400.0,416.6666666666667,414.2857142857143,421.42857142857144,408.3333333333333,24.397501824347607,32.31030863294324,50.0,0.0,50.0,50.0,12.5,12.5,12.5,2016-05-14,450.0,450.0,0.0
2016-05-13,Sugarcane,150,Thane,FAQ,Ulhasnagar,600,300,450,Maharashtra,Other,300,0.5,2016,5,19,4,2,450.0,400.0,400.0,450.0,400.0,400.0,400.0,416.6666666666667,421.42857142857144,425.0,410.0,26.726124191821008,32.522181779399595,0.0,50.0,50.0,50.0,0.0,12.5,12.5,2016-05-15,,,
2016-05-14,Sugarcane,150,Thane,FAQ,Ulhasnagar,600,250,450,Maharashtra,Other,350,0.5714285714285714,2016,5,19,5,2,450.0,450.0,400.0,450.0,400.0,400.0,400.0,433.3333333333333,428.57142857142856,428.57142857142856,411.6666666666667,26.726124191820553,32.31030863294326,0.0,50.0,50.0,50.0,0.0,12.5,12.5,2016-05-16,450.0,450.0,0.0
2016-05-16,Sugarcane,150,Thane,FAQ,Ulhasnagar,600,300,450,Maharashtra,Other,300,0.5,2016,5,20,0,2,450.0,450.0,450.0,400.0,450.0,400.0,400.0,450.0,435.7142857142857,432.14285714285717,413.3333333333333,24.39750182434613,31.66618468883263,0.0,0.0,0.0,50.0,0.0,0.0,12.5,2016-05-18,,,
2016-05-17,Sugarcane,150,Thane,FAQ,Ulhasnagar,600,300,450,Maharashtra,Other,300,0.5,2016,5,20,1,2,450.0,450.0,450.0,400.0,450.0,450.0,400.0,450.0,435.7142857142857,435.7142857142857,415.0,24.39750182434613,30.562492275106433,0.0,0.0,0.0,0.0,0.0,0.0,0.0,2016-05-19,450.0,450.0,0.0
2016-05-19,Sugarcane,150,Thane,FAQ,Ulhasnagar,600,300,450,Maharashtra,Other,300,0.5,2016,5,20,3,2,450.0,450.0,450.0,450.0,400.0,450.0,400.0,450.0,435.7142857142857,435.7142857142857,416.6666666666667,24.39750182434613,30.562492275106433,0.0,0.0,50.0,0.0,0.0,12.5,0.0,2016-05-21,400.0,400.0,-11.11111111111111
2016-05-20,Sugarcane,150,Thane,FAQ,Ulhasnagar,600,300,450,Maharashtra,Other,300,0.5,2016,5,20,4,2,450.0,450.0,450.0,450.0,400.0,500.0,400.0,450.0,442.85714285714283,435.7142857142857,418.3333333333333,18.89822365127767,30.562492275106433,0.0,0.0,50.0,-50.0,0.0,12.5,-10.0,2016-05-22,,,
2016-05-21,Sugarcane,150,Thane,FAQ,Ulhasnagar,500,300,400,Maharashtra,Other,200,0.5,2016,5,20,5,2,450.0,450.0,450.0,450.0,450.0,400.0,400.0,450.0,450.0,432.14285714285717,420.0,0.00017558272548416385,24.86225790494245,-50.0,-50.0,-50.0,0.0,-11.11111111111111,-11.11111111111111,0.0,2016-05-23,400.0,400.0,0.0
2016-05-23,Sugarcane,150,Thane,FAQ,Ulhasnagar,500,300,400,Maharashtra,Other,200,0.5,2016,5,21,0,2,400.0,450.0,450.0,450.0,450.0,400.0,400.0,433.3333333333333,442.85714285714283,432.14285714285717,420.0,18.89822365127767,24.86225790494245,0.0,-50.0,-50.0,0.0,0.0,-11.11111111111111,0.0,2016-05-25,400.0,400.0,0.0
2016-05-24,Sugarcane,150,Thane,FAQ,Ulhasnagar,600,300,450,Maharashtra,Other,300,0.5,2016,5,21,1,2,400.0,400.0,450.0,450.0,450.0,400.0,400.0,416.6666666666667,435.7142857142857,432.14285714285717,420.0,24.39750182434613,24.86225790494245,50.0,0.0,0.0,50.0,12.5,0.0,12.5,2016-05-26,450.0,450.0,0.0
2016-05-25,Sugarcane,150,Thane,FAQ,Ulhasnagar,600,300,400,Maharashtra,Other,300,0.3333333333333333,2016,5,21,2,2,450.0,400.0,400.0,450.0,450.0,450.0,400.0,416.6666666666667,435.7142857142857,435.7142857142857,421.6666666666667,24.39750182434613,23.4403615469249,-50.0,0.0,-50.0,-50.0,-11.11111111111111,-11.11111111111111,-11.11111111111111,2016-05-27,450.0,450.0,12.5
2016-05-26,Sugarcane,150,Thane,FAQ,Ulhasnagar,600,300,450,Maharashtra,Other,300,0.5,2016,5,21,3,2,400.0,450.0,400.0,450.0,450.0,450.0,400.0,416.6666666666667,428.57142857142856,432.14285714285717,421.6666666666667,26.726124191820553,24.86225790494244,50.0,50.0,0.0,0.0,12.5,0.0,0.0,2016-05-28,400.0,400.0,-11.11111111111111
2016-05-27,Sugarcane,150,Thane,FAQ,Ulhasnagar,600,300,450,Maharashtra,Other,300,0.5,2016,5,21,4,2,450.0,400.0,450.0,400.0,450.0,400.0,400.0,433.3333333333333,428.57142857142856,432.14285714285717,423.3333333333333,26.726124191820553,24.86225790494244,0.0,0.0,0.0,50.0,0.0,0.0,12.5,2016-05-29,400.0,400.0,-11.11111111111111
2016-05-28,Sugarcane,150,Thane,FAQ,Ulhasnagar,500,300,400,Maharashtra,Other,200,0.5,2016,5,21,5,2,450.0,450.0,400.0,400.0,450.0,400.0,300.0,433.3333333333333,428.57142857142856,435.7142857142857,425.0,26.726124191820553,23.4403615469249,-50.0,0.0,-50.0,0.0,-11.11111111111111,-11.11111111111111,0.0,2016-05-30,400.0,400.0,0.0
2016-05-29,Sugarcane,150,Thane,FAQ,Ulhasnagar,500,300,400,Maharashtra,Other,200,0.5,2016,5,21,6,2,400.0,450.0,450.0,450.0,400.0,450.0,400.0,433.3333333333333,421.42857142857144,435.7142857142857,428.3333333333333,26.726124191821008,23.4403615469249,0.0,-50.0,0.0,-50.0,0.0,0.0,-11.11111111111111,2016-05-31,400.0,400.0,0.0
2016-05-30,Sugarcane,150,Thane,FAQ,Ulhasnagar,500,300,400,Maharashtra,Other,200,0.5,2016,5,22,0,2,400.0,400.0,450.0,400.0,400.0,450.0,450.0,416.6666666666667,421.42857142857144,432.14285714285717,428.3333333333333,26.726124191821008,24.86225790494244,0.0,-50.0,0.0,-50.0,0.0,0.0,-11.11111111111111,2016-06-01,450.0,450.0,12.5
2016-05-31,Sugarcane,150,Thane,FAQ,Ulhasnagar,500,300,400,Maharashtra,Other,200,0.5,2016,5,22,1,2,400.0,400.0,400.0,450.0,450.0,450.0,400.0,400.0,421.42857142857144,428.57142857142856,426.6666666666667,26.726124191821008,25.677629550654835,0.0,0.0,-50.0,-50.0,0.0,-11.11111111111111,-11.11111111111111,2016-06-02,400.0,400.0,0.0
2016-06-01,Sugarcane,150,Thane,FAQ,Ulhasnagar,500,300,450,Maharashtra,Other,200,0.75,2016,6,22,2,2,400.0,400.0,400.0,450.0,400.0,450.0,400.0,400.0,414.2857142857143,425.0,426.6666666666667,24.397501824347607,25.943726083138575,50.0,50.0,50.0,0.0,12.5,12.5,0.0,2016-06-03,400.0,400.0,-11.11111111111111
2016-06-02,Sugarcane,150,Thane,FAQ,Ulhasnagar,500,300,400,Maharashtra,Other,200,0.5,2016,6,22,3,2,450.0,400.0,400.0,400.0,450.0,450.0,400.0,416.6666666666667,421.42857142857144,425.0,428.3333333333333,26.726124191821008,25.943726083138575,-50.0,0.0,-50.0,-50.0,-11.11111111111111,-11.11111111111111,-11.11111111111111,2016-06-04,400.0,400.0,0.0
2016-06-03,Sugarcane,150,Thane,FAQ,Ulhasnagar,500,300,400,Maharashtra,Other,200,0.5,2016,6,22,4,2,400.0,450.0,400.0,400.0,450.0,450.0,400.0,416.6666666666667,414.2857142857143,421.42857142857144,428.3333333333333,24.397501824347607,25.677629550654782,0.0,0.0,-50.0,-50.0,0.0,-11.11111111111111,-11.11111111111111,2016-06-05,,,
2016-06-04,Sugarcane,150,Thane,FAQ,Ulhasnagar,500,300,400,Maharashtra,Other,200,0.5,2016,6,22,5,2,400.0,400.0,450.0,400.0,400.0,450.0,450.0,416.6666666666667,407.14285714285717,417.85714285714283,428.3333333333333,18.89822365128083,24.86225790494232,0.0,-50.0,0.0,-50.0,0.0,0.0,-11.11111111111111,2016-06-06,400.0,400.0,0.0
2016-06-06,Sugarcane,150,Thane,FAQ,Ulhasnagar,500,300,400,Maharashtra,Other,200,0.5,2016,6,23,0,2,400.0,400.0,400.0,400.0,400.0,400.0,450.0,400.0,407.14285714285717,414.2857142857143,426.6666666666667,18.89822365128083,23.440361546924713,0.0,0.0,0.0,0.0,0.0,0.0,0.0,2016-06-08,450.0,450.0,12.5
2016-06-07,Sugarcane,150,Thane,FAQ,Ulhasnagar,600,300,450,Maharashtra,Other,300,0.5,2016,6,23,1,2,400.0,400.0,400.0,450.0,400.0,400.0,500.0,400.0,407.14285714285717,414.2857142857143,425.0,18.89822365128083,23.440361546924713,50.0,50.0,50.0,50.0,12.5,12.5,12.5,2016-06-09,400.0,400.0,-11.11111111111111
2016-06-08,Sugarcane,150,Thane,FAQ,Ulhasnagar,500,300,450,Maharashtra,Other,200,0.75,2016,6,23,2,2,450.0,400.0,400.0,400.0,400.0,450.0,400.0,416.6666666666667,414.2857142857143,417.85714285714283,423.3333333333333,24.39750182434761,24.86225790494232,0.0,50.0,50.0,0.0,0.0,12.5,0.0,2016-06-10,400.0,400.0,-11.11111111111111
2016-06-09,Sugarcane,150,Thane,FAQ,Ulhasnagar,500,300,400,Maharashtra,Other,200,0.5,2016,6,23,3,2,450.0,450.0,400.0,400.0,450.0,400.0,400.0,433.3333333333333,421.42857142857144,417.85714285714283,425.0,26.72612419182101,24.86225790494232,-50.0,0.0,-50.0,0.0,-11.11111111111111,-11.11111111111111,0.0,2016-06-11,400.0,400.0,0.0
2016-06-10,Sugarcane,150,Thane,FAQ,Ulhasnagar,500,300,400,Maharashtra,Other,200,0.5,2016,6,23,4,2,400.0,450.0,450.0,400.0,400.0,450.0,400.0,433.3333333333333,414.2857142857143,417.85714285714283,425.0,24.39750182434761,24.86225790494232,0.0,-50.0,0.0,-50.0,0.0,0.0,-11.11111111111111,2016-06-12,,,
2016-06-11,Sugarcane,150,Thane,FAQ,Ulhasnagar,500,300,400,Maharashtra,Other,200,0.5,2016,6,23,5,2,400.0,400.0,450.0,400.0,400.0,450.0,450.0,416.6666666666667,414.2857142857143,414.2857142857143,425.0,24.39750182434761,23.440361546924713,0.0,-50.0,0.0,-50.0,0.0,0.0,-11.11111111111111,2016-06-13,450.0,450.0,12.5
2016-06-13,Sugarcane,150,Thane,FAQ,Ulhasnagar,600,300,450,Maharashtra,Other,300,0.5,2016,6,24,0,2,400.0,400.0,400.0,450.0,400.0,400.0,450.0,400.0,414.2857142857143,410.7142857142857,423.3333333333333,24.39750182434761,21.290765681315907,50.0,50.0,50.0,50.0,12.5,12.5,12.5,2016-06-15,450.0,450.0,0.0
2016-06-14,Sugarcane,150,Thane,FAQ,Ulhasnagar,500,300,400,Maharashtra,Other,200,0.5,2016,6,24,1,2,450.0,400.0,400.0,450.0,400.0,400.0,400.0,416.6666666666667,421.42857142857144,414.2857142857143,423.3333333333333,26.72612419182101,23.440361546924713,-50.0,0.0,0.0,0.0,-11.11111111111111,0.0,0.0,2016-06-16,450.0,450.0,12.5
2016-06-15,Sugarcane,150,Thane,FAQ,Ulhasnagar,600,300,450,Maharashtra,Other,300,0.5,2016,6,24,2,2,400.0,450.0,400.0,400.0,450.0,400.0,400.0,416.6666666666667,421.42857142857144,414.2857142857143,423.3333333333333,26.72612419182101,23.440361546924713,50.0,50.0,0.0,50.0,12.5,0.0,12.5,2016-06-17,450.0,450.0,0.0
2016-06-16,Sugarcane,150,Thane,FAQ,Ulhasnagar,6000,300,450,Maharashtra,Other,5700,0.02631578947368421,2016,6,24,3,2,450.0,400.0,450.0,400.0,450.0,400.0,450.0,433.3333333333333,421.42857142857144,417.85714285714283,425.0,26.72612419182101,24.86225790494232,0.0,0.0,0.0,50.0,0.0,0.0,12.5,2016-06-18,450.0,450.0,0.0
2016-06-17,Sugarcane,150,Thane,FAQ,Ulhasnagar,600,300,450,Maharashtra,Other,300,0.5,2016,6,24,4,2,450.0,450.0,400.0,400.0,400.0,450.0,450.0,433.3333333333333,421.42857142857144,421.42857142857144,425.0,26.72612419182101,25.677629550654782,0.0,50.0,50.0,0.0,0.0,12.5,0.0,2016-06-19,,,
2016-06-18,Sugarcane,150,Thane,FAQ,Ulhasnagar,600,300,450,Maharashtra,Other,300,0.5,2016,6,24,5,2,450.0,450.0,450.0,450.0,400.0,400.0,450.0,450.0,428.57142857142856,421.42857142857144,425.0,26.726124191820556,25.677629550654782,0.0,0.0,50.0,50.0,0.0,12.5,12.5,2016-06-20,400.0,400.0,-11.11111111111111
2016-06-20,Sugarcane,150,Thane,FAQ,Ulhasnagar,600,300,400,Maharashtra,Other,300,0.3333333333333333,2016,6,25,0,2,450.0,450.0,450.0,400.0,400.0,400.0,450.0,450.0,435.7142857142857,425.0,425.0,24.397501824346133,25.943726083138575,-50.0,-50.0,0.0,0.0,-11.11111111111111,0.0,0.0,2016-06-22,450.0,450.0,12.5
2016-06-21,Sugarcane,150,Thane,FAQ,Ulhasnagar,500,300,450,Maharashtra,Other,200,0.75,2016,6,25,1,2,400.0,450.0,450.0,450.0,450.0,400.0,450.0,433.3333333333333,435.7142857142857,425.0,423.3333333333333,24.397501824346133,25.943726083138575,50.0,0.0,0.0,50.0,12.5,0.0,12.5,2016-06-23,450.0,450.0,0.0
2016-06-22,Sugarcane,150,Thane,FAQ,Ulhasnagar,600,300,450,Maharashtra,Other,300,0.5,2016,6,25,2,2,450.0,400.0,450.0,450.0,400.0,400.0,450.0,433.3333333333333,435.7142857142857,428.57142857142856,423.3333333333333,24.397501824346133,25.677629550654835,0.0,0.0,50.0,50.0,0.0,12.5,12.5,2016-06-24,400.0,400.0,-11.11111111111111
2016-06-23,Sugarcane,150,Thane,FAQ,Ulhasnagar,600,300,450,Maharashtra,Other,300,0.5,2016,6,25,3,2,450.0,450.0,400.0,450.0,450.0,450.0,450.0,433.3333333333333,442.85714285714283,432.14285714285717,423.3333333333333,18.898223651277675,24.86225790494244,0.0,50.0,0.0,0.0,0.0,0.0,0.0,2016-06-25,450.0,450.0,0.0
2016-06-24,Sugarcane,150,Thane,FAQ,Ulhasnagar,500,300,400,Maharashtra,Other,200,0.5,2016,6,25,4,2,450.0,450.0,450.0,450.0,450.0,450.0,400.0,450.0,442.85714285714283,432.14285714285717,423.3333333333333,18.898223651277675,24.86225790494244,-50.0,-50.0,-50.0,-50.0,-11.11111111111111,-11.11111111111111,-11.11111111111111,2016-06-26,,,
2016-06-25,Sugarcane,150,Thane,FAQ,Ulhasnagar,6000,300,450,Maharashtra,Other,5700,0.02631578947368421,2016,6,25,5,2,400.0,450.0,450.0,400.0,450.0,400.0,400.0,433.3333333333333,435.7142857142857,428.57142857142856,423.3333333333333,24.397501824346133,25.677629550654835,50.0,0.0,0.0,50.0,12.5,0.0,12.5,2016-06-27,400.0,400.0,-11.11111111111111
2016-06-27,Sugarcane,150,Thane,FAQ,Ulhasnagar,500,300,400,Maharashtra,Other,200,0.5,2016,6,26,0,2,450.0,400.0,450.0,450.0,450.0,400.0,450.0,433.3333333333333,435.7142857142857,432.14285714285717,425.0,24.397501824346133,24.86225790494244,-50.0,-50.0,-50.0,0.0,-11.11111111111111,-11.11111111111111,0.0,2016-06-29,400.0,400.0,0.0
2016-06-28,Sugarcane,150,Thane,FAQ,Ulhasnagar,500,300,400,Maharashtra,Other,200,0.5,2016,6,26,1,2,400.0,450.0,400.0,450.0,400.0,400.0,400.0,416.6666666666667,428.57142857142856,432.14285714285717,423.3333333333333,26.726124191820556,24.86225790494244,0.0,0.0,0.0,0.0,0.0,0.0,0.0,2016-06-30,,,
2016-06-29,Sugarcane,150,Thane,FAQ,Ulhasnagar,500,300,400,Maharashtra,Other,200,0.5,2016,6,26,2,2,400.0,400.0,450.0,450.0,450.0,450.0,450.0,416.6666666666667,428.57142857142856,432.14285714285717,423.3333333333333,26.726124191820556,24.86225790494244,0.0,-50.0,-50.0,-50.0,0.0,-11.11111111111111,-11.11111111111111,2016-07-01,400.0,400.0,0.0
2016-07-01,Sugarcane,150,Thane,FAQ,Ulhasnagar,600,300,400,Maharashtra,Other,300,0.3333333333333333,2016,7,26,4,3,400.0,400.0,400.0,400.0,450.0,400.0,450.0,400.0,421.42857142857144,428.57142857142856,421.6666666666667,26.72612419182101,25.677629550654835,0.0,0.0,-50.0,0.0,0.0,-11.11111111111111,0.0,2016-07-03,,,
2016-07-02,Sugarcane,150,Thane,FAQ,Ulhasnagar,500,300,400,Maharashtra,Other,200,0.5,2016,7,26,5,3,400.0,400.0,400.0,450.0,450.0,450.0,400.0,400.0,414.2857142857143,428.57142857142856,420.0,24.39750182434761,25.677629550654835,0.0,0.0,-50.0,-50.0,0.0,-11.11111111111111,-11.11111111111111,2016-07-04,,,
2016-07-05,Sugarcane,150,Thane,FAQ,Ulhasnagar,500,300,400,Maharashtra,Other,200,0.5,2016,7,27,1,3,400.0,400.0,400.0,400.0,400.0,450.0,400.0,400.0,407.14285714285717,425.0,420.0,18.898223651280837,25.943726083138575,0.0,0.0,0.0,-50.0,0.0,0.0,-11.11111111111111,2016-07-07,400.0,400.0,0.0
2016-07-07,Sugarcane,150,Thane,FAQ,Ulhasnagar,500,300,400,Maharashtra,Other,200,0.5,2016,7,27,3,3,400.0,400.0,400.0,400.0,450.0,450.0,400.0,400.0,407.14285714285717,421.42857142857144,420.0,18.898223651280837,25.677629550654782,0.0,0.0,-50.0,-50.0,0.0,-11.11111111111111,-11.11111111111111,2016-07-09,,,
2016-07-08,Sugarcane,150,Thane,FAQ,Ulhasnagar,500,300,400,Maharashtra,Other,200,0.5,2016,7,27,4,3,400.0,400.0,400.0,400.0,400.0,450.0,400.0,400.0,400.0,417.85714285714283,420.0,0.00017605712134133466,24.86225790494232,0.0,0.0,0.0,-50.0,0.0,0.0,-11.11111111111111,2016-07-10,,,
2016-07-11,Sugarcane,150,Thane,FAQ,Ulhasnagar,500,300,400,Maharashtra,Other,200,0.5,2016,7,28,0,3,400.0,400.0,400.0,400.0,400.0,400.0,450.0,400.0,400.0,414.2857142857143,420.0,0.00017605712134133466,23.440361546924713,0.0,0.0,0.0,0.0,0.0,0.0,0.0,2016-07-13,,,
2016-07-12,Sugarcane,150,Thane,FAQ,Ulhasnagar,500,300,400,Maharashtra,Other,200,0.5,2016,7,28,1,3,400.0,400.0,400.0,400.0,400.0,450.0,400.0,400.0,400.0,414.2857142857143,418.3333333333333,0.00017605712134133466,23.440361546924713,0.0,0.0,0.0,-50.0,0.0,0.0,-11.11111111111111,2016-07-14,,,
2016-07-18,Sugarcane,150,Thane,FAQ,Ulhasnagar,600,400,500,Maharashtra,Other,200,0.5,2016,7,29,0,3,400.0,400.0,400.0,400.0,400.0,450.0,400.0,400.0,400.0,410.7142857142857,418.3333333333333,0.00017605712134133466,21.290765681315907,100.0,100.0,100.0,50.0,25.0,25.0,11.11111111111111,2016-07-20,400.0,400.0,-20.0
2016-07-20,Sugarcane,150,Thane,FAQ,Ulhasnagar,500,300,400,Maharashtra,Other,200,0.5,2016,7,29,2,3,500.0,400.0,400.0,400.0,400.0,450.0,400.0,433.3333333333333,414.2857142857143,414.2857142857143,421.6666666666667,37.796447301332165,30.56249227510629,-100.0,0.0,0.0,-50.0,-20.0,0.0,-11.11111111111111,2016-07-22,,,
2016-07-23,Sugarcane,150,Thane,FAQ,Ulhasnagar,500,300,400,Maharashtra,Other,200,0.5,2016,7,29,5,3,400.0,500.0,400.0,400.0,400.0,400.0,400.0,433.3333333333333,414.2857142857143,410.7142857142857,421.6666666666667,37.796447301332165,28.9467111760919,0.0,0.0,0.0,0.0,0.0,0.0,0.0,2016-07-25,,,
2016-07-26,Sugarcane,150,Thane,FAQ,Ulhasnagar,500,300,400,Maharashtra,Other,200,0.5,2016,7,30,1,3,400.0,400.0,500.0,400.0,400.0,450.0,450.0,433.3333333333333,414.2857142857143,410.7142857142857,421.6666666666667,37.796447301332165,28.9467111760919,0.0,-100.0,0.0,-50.0,0.0,0.0,-11.11111111111111,2016-07-28,400.0,400.0,0.0
2016-07-28,Sugarcane,150,Thane,FAQ,Ulhasnagar,500,300,400,Maharashtra,Other,200,0.5,2016,7,30,3,3,400.0,400.0,400.0,400.0,400.0,400.0,450.0,400.0,414.2857142857143,407.14285714285717,420.0,37.796447301332165,26.726124191242324,0.0,0.0,0.0,0.0,0.0,0.0,0.0,2016-07-30,300.0,300.0,-25.0
2016-07-30,Sugarcane,150,Thane,FAQ,Ulhasnagar,500,300,300,Maharashtra,Other,200,0.0,2016,7,30,5,3,400.0,400.0,400.0,500.0,400.0,400.0,400.0,400.0,414.2857142857143,407.14285714285717,418.3333333333333,37.796447301332165,26.726124191242324,-100.0,-100.0,-100.0,-100.0,-25.0,-25.0,-25.0,2016-08-01,,,
2016-08-02,Sugarcane,150,Thane,FAQ,Ulhasnagar,530,300,400,Maharashtra,Other,230,0.43478260869565216,2016,8,31,1,3,300.0,400.0,400.0,400.0,400.0,400.0,400.0,366.6666666666667,400.0,400.0,415.0,57.735026919231,39.223227027636675,100.0,0.0,0.0,0.0,33.33333333333333,0.0,0.0,2016-08-04,450.0,450.0,12.5
2016-08-04,Sugarcane,150,Thane,FAQ,Ulhasnagar,600,300,450,Maharashtra,Other,300,0.5,2016,8,31,3,3,400.0,300.0,400.0,400.0,500.0,400.0,400.0,366.6666666666667,400.0,400.0,415.0,57.735026919231,39.223227027636675,50.0,50.0,-50.0,50.0,12.5,-10.0,12.5,2016-08-06,400.0,400.0,-11.11111111111111
2016-08-06,Sugarcane,150,Thane,FAQ,Ulhasnagar,500,300,400,Maharashtra,Other,200,0.5,2016,8,31,5,3,450.0,400.0,300.0,400.0,400.0,400.0,450.0,383.3333333333333,392.85714285714283,403.57142857142856,416.6666666666667,44.9867705424666,41.43709650823714,-50.0,100.0,0.0,0.0,-11.11111111111111,0.0,0.0,2016-08-08,,,
2016-08-09,Sugarcane,150,Thane,FAQ,Ulhasnagar,500,300,400,Maharashtra,Other,200,0.5,2016,8,32,1,3,400.0,450.0,400.0,400.0,400.0,400.0,400.0,416.6666666666667,392.85714285714283,403.57142857142856,415.0,44.9867705424666,41.43709650823714,0.0,0.0,0.0,0.0,0.0,0.0,0.0,2016-08-11,,,
2016-08-18,Sugarcane,150,Thane,FAQ,Ulhasnagar,600,400,500,Maharashtra,Other,200,0.5,2016,8,33,3,3,400.0,400.0,450.0,300.0,400.0,400.0,450.0,416.6666666666667,392.85714285714283,403.57142857142856,415.0,44.9867705424666,41.43709650823714,100.0,50.0,100.0,100.0,25.0,25.0,25.0,2016-08-20,,,
2016-11-19,Sugarcane,150,Thane,FAQ,Ulhasnagar,500,200,350,Maharashtra,Other,300,0.5,2016,11,46,5,4,500.0,400.0,400.0,400.0,400.0,400.0,450.0,433.3333333333333,407.14285714285717,410.7142857142857,416.6666666666667,60.74928962965053,48.74806279611141,-150.0,-50.0,-50.0,-50.0,-30.0,-12.5,-12.5,2016-11-21,,,
2016-12-13,Sugarcane,150,Thane,FAQ,Ulhasnagar,500,200,350,Maharashtra,Other,300,0.5,2016,12,50,1,4,350.0,500.0,400.0,450.0,300.0,400.0,450.0,416.6666666666667,400.0,407.14285714285717,413.3333333333333,64.54972243703038,51.35525910130949,0.0,-50.0,50.0,-50.0,0.0,16.666666666666664,-12.5,2016-12-15,,,
2016-12-20,Sugarcane,150,Thane,FAQ,Ulhasnagar,500,300,400,Maharashtra,Other,200,0.5,2016,12,51,1,4,350.0,350.0,500.0,400.0,400.0,400.0,450.0,400.0,407.14285714285717,403.57142857142856,410.0,53.45224838277462,53.58058529802668,50.0,-100.0,0.0,0.0,14.285714285714285,0.0,0.0,2016-12-22,,,
2017-03-06,Sugarcane,150,Thane,FAQ,Kalyan,3000,2500,2700,Maharashtra,Other,500,0.4,2017,3,10,0,1,,,,,,,,,,,,,,,,,,,,,2017-03-08,,,
2018-10-31,Sugarcane,150,Chandrapur,FAQ,Chandrapur(Ganjwad),20,10,15,Maharashtra,Other,10,0.5,2018,10,44,2,4,,,,,,,,,,,,,,,,,,,,,2018-11-02,,,
2018-11-05,Sugarcane,150,Chandrapur,FAQ,Chandrapur(Ganjwad),20,10,15,Maharashtra,Other,10,0.5,2018,11,45,0,4,15.0,,,,,,,,,,,,,0.0,,,,0.0,,,2018-11-07,,,
2019-10-13,Sugarcane,150,Chandrapur,FAQ,Chandrapur(Ganjwad),30,18,25,Maharashtra,Other,12,0.5833333333333334,2019,10,41,6,4,15.0,15.0,,,,,,15.0,,,,,,10.0,,,,66.66666666666666,,,2019-10-15,,,
2020-11-26,Sugarcane,150,Chandrapur,FAQ,Chandrapur(Ganjwad),300,100,200,Maharashtra,Other,200,0.5,2020,11,48,3,4,25.0,15.0,15.0,,,,,18.333333333333332,18.333333333333332,,,5.773502691896258,,175.0,185.0,,,700.0,,,2020-11-28,2200.0,2200.0,1000.0
2020-11-28,Sugarcane,150,Chandrapur,FAQ,Chandrapur(Ganjwad),2500,2000,2200,Maharashtra,Other,500,0.4,2020,11,48,5,4,200.0,25.0,15.0,,,,,80.0,63.75,,,90.95557523685211,,2000.0,2185.0,,,1000.0,,,2020-11-30,,,
2021-11-09,Sugarcane,150,Chandrapur,FAQ,Chandrapur(Ganjwad),30,12,15,Maharashtra,Other,18,0.16666666666666666,2021,11,45,1,4,2200.0,200.0,25.0,15.0,,,,808.3333333333334,491.0,491.0,,958.6018464409507,958.6018464409507,-2185.0,-10.0,,,-99.31818181818181,,,2021-11-11,,,
2021-11-10,Sugarcane,150,Chandrapur,FAQ,Chandrapur(Ganjwad),15,10,12,Maharashtra,Other,5,0.4,2021,11,45,2,4,15.0,2200.0,200.0,15.0,,,,805.0,411.6666666666667,411.6666666666667,,879.145418384619,879.145418384619,-3.0,-188.0,,,-20.0,,,2021-11-12,,,
2022-01-13,Sugarcane,150,Amarawati,FAQ,Amrawati(Frui & Veg. Market),1100,400,700,Maharashtra,Other,700,0.42857142857142855,2022,1,2,3,1,,,,,,,,,,,,,,,,,,,,,2022-01-15,800.0,800.0,14.285714285714285
2022-01-15,Sugarcane,150,Amarawati,FAQ,Amrawati(Frui & Veg. Market),1200,400,800,Maharashtra,Other,800,0.5,2022,1,2,5,1,700.0,,,,,,,,,,,,,100.0,,,,14.285714285714285,,,2022-01-17,,,
2022-03-06,Sugarcane,150,Amarawati,FAQ,Amrawati(Frui & Veg. Market),400,150,275,Maharashtra,Other,250,0.5,2022,3,9,6,1,800.0,700.0,,,,,,750.0,,,,,,-525.0,,,,-65.625,,,2022-03-08,,,
2022-12-25,Sugarcane,150,Amarawati,FAQ,Amrawati(Frui & Veg. Market),700,500,600,Maharashtra,Other,200,0.5,2022,12,51,6,4,275.0,800.0,700.0,,,,,591.6666666666666,591.6666666666666,,,278.76214472796215,,325.0,-100.0,,,118.18181818181819,,,2022-12-27,,,
2024-04-13,Sugarcane,150,Nagpur,FAQ,Nagpur,2000,500,1550,Maharashtra,Other,1500,0.7,2024,4,15,5,2,,,,,,,,,,,,,,,,,,,,,2024-04-15,,,
2024-06-26,Sugarcane,150,Amarawati,FAQ,Amrawati(Frui & Veg. Market),600,400,500,Maharashtra,Other,200,0.5,2024,6,26,2,2,600.0,275.0,800.0,,,,,558.3333333333334,593.75,,,227.6464729941289,,-100.0,-300.0,,,-16.666666666666664,,,2024-06-28,,,
2024-07-03,Sugarcane,150,Amarawati,FAQ,Amrawati(Frui & Veg. Market),600,400,500,Maharashtra,Other,200,0.5,2024,7,27,2,3,500.0,600.0,275.0,700.0,,,,458.3333333333333,575.0,575.0,,201.55644370746373,201.55644370746373,0.0,225.0,,,0.0,,,2024-07-05,,,
2024-07-06,Sugarcane,150,Amarawati,FAQ,Amrawati(Frui & Veg. Market),600,400,500,Maharashtra,Other,200,0.5,2024,7,27,5,3,500.0,500.0,600.0,800.0,,,,533.3333333333334,562.5,562.5,,182.8592354790974,182.8592354790974,0.0,-100.0,,,0.0,,,2024-07-08,,,
2024-07-13,Sugarcane,150,Amarawati,FAQ,Amrawati(Frui & Veg. Market),600,400,500,Maharashtra,Other,200,0.5,2024,7,28,5,3,500.0,500.0,500.0,275.0,700.0,,,500.0,553.5714285714286,553.5714285714286,,168.59009178364857,168.59009178364857,0.0,0.0,-200.0,,0.0,-28.57142857142857,,2024-07-15,,,
2024-07-14,Sugarcane,150,Amarawati,FAQ,Amrawati(Frui & Veg. Market),600,400,500,Maharashtra,Other,200,0.5,2024,7,28,6,3,500.0,500.0,500.0,600.0,800.0,,,500.0,525.0,546.875,,156.12494995995993,157.22907537366345,0.0,0.0,-300.0,,0.0,-37.5,,2024-07-16,500.0,500.0,0.0
2024-07-16,Sugarcane,150,Amarawati,FAQ,Amrawati(Frui & Veg. Market),600,400,500,Maharashtra,Other,200,0.5,2024,7,29,1,3,500.0,500.0,500.0,500.0,275.0,,,500.0,482.14285714285717,541.6666666666666,,98.6516236923795,147.9019945774904,0.0,0.0,225.0,,0.0,81.81818181818183,,2024-07-18,,,
2024-08-25,Sugarcane,150,Amarawati,FAQ,Amrawati(Frui & Veg. Market),700,400,550,Maharashtra,Other,300,0.5,2024,8,34,6,3,500.0,500.0,500.0,500.0,600.0,,,500.0,514.2857142857143,537.5,537.5,37.79644730092264,140.06446928309677,50.0,50.0,-50.0,,10.0,-8.333333333333332,,2024-08-27,,,
2024-09-29,Sugarcane,150,Amarawati,FAQ,Amrawati(Frui & Veg. Market),700,400,550,Maharashtra,Other,300,0.5,2024,9,39,6,3,550.0,500.0,500.0,500.0,500.0,,,516.6666666666666,507.14285714285717,538.6363636363636,538.6363636363636,18.898223650461357,132.93026196263418,0.0,50.0,50.0,,0.0,10.0,,2024-10-01,,,
2024-10-13,Sugarcane,150,Amarawati,FAQ,Amrawati(Frui & Veg. Market),700,400,550,Maharashtra,Other,300,0.5,2024,10,41,6,4,550.0,550.0,500.0,500.0,500.0,,,533.3333333333334,514.2857142857143,539.5833333333334,539.5833333333334,24.397501823713313,126.78647643207302,0.0,50.0,50.0,,0.0,10.0,,2024-10-15,,,
2024-11-07,Sugarcane,150,Amarawati,FAQ,Amrawati(Frui & Veg. Market),700,400,550,Maharashtra,Other,300,0.5,2024,11,45,3,4,550.0,550.0,550.0,500.0,500.0,,,550.0,521.4285714285714,540.3846153846154,540.3846153846154,26.72612419124241,121.4231845389905,0.0,0.0,50.0,,0.0,10.0,,2024-11-09,,,
2025-08-14,Sugarcane,150,Amarawati,Local,Amrawati(Frui & Veg. Market),600,400,500,Maharashtra,Other,200,0.5,2025,8,33,3,3,,,,,,,,,,,,,,,,,,,,,2025-08-16,,,
2025-09-18,Sugarcane,150,Amarawati,Local,Amrawati(Frui & Veg. Market),700,400,550,Maharashtra,Other,300,0.5,2025,9,38,3,3,500.0,,,,,,,,,,,,,50.0,,,,10.0,,,2025-09-20,,,
2025-09-25,Sugarcane,150,Amarawati,Local,Amrawati(Frui & Veg. Market),700,400,550,Maharashtra,Other,300,0.5,2025,9,39,3,3,550.0,500.0,,,,,,525.0,,,,,,0.0,,,,0.0,,,2025-09-27,,,
2025-09-28,Sugarcane,150,Amarawati,Local,Amrawati(Frui & Veg. Market),600,400,500,Maharashtra,Other,200,0.5,2025,9,39,6,3,550.0,550.0,500.0,,,,,533.3333333333334,533.3333333333334,,,28.86751345948128,,-50.0,0.0,,,-9.090909090909092,,,2025-09-30,500.0,500.0,0.0
2025-09-30,Sugarcane,150,Amarawati,Local,Amrawati(Frui & Veg. Market),600,400,500,Maharashtra,Other,200,0.5,2025,9,40,1,3,500.0,550.0,550.0,,,,,533.3333333333334,525.0,,,28.867513459481287,,0.0,-50.0,,,0.0,,,2025-10-02,500.0,500.0,0.0
2025-10-02,Sugarcane,150,Amarawati,Local,Amrawati(Frui & Veg. Market),600,400,500,Maharashtra,Other,200,0.5,2025,10,40,3,4,500.0,500.0,550.0,500.0,,,,516.6666666666666,520.0,520.0,,27.386127875258307,27.386127875258307,0.0,-50.0,,,0.0,,,2025-10-04,,,
2025-10-05,Sugarcane,150,Amarawati,Local,Amrawati(Frui & Veg. Market),600,400,500,Maharashtra,Other,200,0.5,2025,10,40,6,4,500.0,500.0,500.0,550.0,,,,500.0,516.6666666666666,516.6666666666666,,25.81988897471611,25.81988897471611,0.0,0.0,,,0.0,,,2025-10-07,,,
2025-10-09,Sugarcane,150,Amarawati,Local,Amrawati(Frui & Veg. Market),600,400,500,Maharashtra,Other,200,0.5,2025,10,41,3,4,500.0,500.0,500.0,550.0,500.0,,,500.0,514.2857142857143,514.2857142857143,,24.39750182371332,24.39750182371332,0.0,0.0,0.0,,0.0,0.0,,2025-10-11,,,
2025-11-25,Sugarcane,150,Amarawati,Local,Amrawati(Frui & Veg. Market) APMC,700,400,550,Maharashtra,Other,300,0.5,2025,11,48,1,4,,,,,,,,,,,,,,,,,,,,,2025-11-27,550.0,550.0,0.0
2025-11-26,Sugarcane,150,Amarawati,Local,Amrawati(Frui & Veg. Market) APMC,600,400,500,Maharashtra,Other,200,0.5,2025,11,48,2,4,550.0,,,,,,,,,,,,,-50.0,,,,-9.090909090909092,,,2025-11-28,,,
2025-11-27,Sugarcane,150,Amarawati,Local,Amrawati(Frui & Veg. Market) APMC,700,400,550,Maharashtra,Other,300,0.5,2025,11,48,3,4,500.0,550.0,,,,,,525.0,,,,,,50.0,,,,10.0,,,2025-11-29,,,
2025-12-06,Sugarcane,150,Amarawati,Local,Amrawati(Frui & Veg. Market) APMC,600,400,500,Maharashtra,Other,200,0.5,2025,12,49,5,4,550.0,500.0,550.0,,,,,533.3333333333334,533.3333333333334,,,28.86751345948128,,-50.0,-50.0,,,-9.090909090909092,,,2025-12-08,,,
2025-12-07,Sugarcane,150,Amarawati,Local,Amrawati(Frui & Veg. Market) APMC,600,400,500,Maharashtra,Other,200,0.5,2025,12,49,6,4,500.0,550.0,500.0,,,,,516.6666666666666,525.0,,,28.867513459481287,,0.0,0.0,,,0.0,,,2025-12-09,500.0,500.0,0.0
2025-12-09,Sugarcane,150,Amarawati,Local,Amrawati(Frui & Veg. Market) APMC,600,400,500,Maharashtra,Other,200,0.5,2025,12,50,1,4,500.0,500.0,550.0,550.0,,,,516.6666666666666,520.0,520.0,,27.386127875258307,27.386127875258307,0.0,-50.0,,,0.0,,,2025-12-11,500.0,500.0,0.0
2025-12-11,Sugarcane,150,Amarawati,Local,Amrawati(Frui & Veg. Market) APMC,600,400,500,Maharashtra,Other,200,0.5,2025,12,50,3,4,500.0,500.0,500.0,500.0,,,,500.0,516.6666666666666,516.6666666666666,,25.81988897471611,25.81988897471611,0.0,0.0,,,0.0,,,2025-12-13,,,
2025-12-11,Sugarcane,150,Nagpur,Local,Nagpur APMC,2000,1000,1875,Maharashtra,Other,1000,0.875,2025,12,50,3,4,,,,,,,,,,,,,,,,,,,,,2025-12-13,,,
2025-12-16,Sugarcane,150,Amarawati,Local,Amrawati(Frui & Veg. Market) APMC,800,400,600,Maharashtra,Other,400,0.5,2025,12,51,1,4,500.0,500.0,500.0,550.0,550.0,,,500.0,514.2857142857143,514.2857142857143,,24.39750182371332,24.39750182371332,100.0,100.0,50.0,,20.0,9.090909090909092,,2025-12-18,600.0,600.0,0.0
2025-12-18,Sugarcane,150,Amarawati,Local,Amrawati(Frui & Veg. Market) APMC,800,400,600,Maharashtra,Other,400,0.5,2025,12,51,3,4,600.0,500.0,500.0,500.0,500.0,,,533.3333333333334,521.4285714285714,525.0,,39.33978962347217,37.79644730092273,0.0,100.0,100.0,,0.0,20.0,,2025-12-20,,,
2025-12-22,Sugarcane,150,Nagpur,Local,Nagpur APMC,1500,500,1250,Maharashtra,Other,1000,0.75,2025,12,52,0,4,1875.0,,,,,,,,,,,,,-625.0,,,,-33.33333333333333,,,2025-12-24,,,
2025-12-29,Sugarcane,150,Nagpur,Local,Nagpur APMC,2500,1000,2250,Maharashtra,Other,1500,0.8333333333333334,2025,12,1,0,4,1250.0,1875.0,,,,,,1562.5,,,,,,1000.0,,,,80.0,,,2025-12-31,,,
2025-12-29,Sugarcane,150,Nagpur,Local,Nagpur APMC,1500,500,1325,Maharashtra,Other,1000,0.825,2025,12,1,0,4,2250.0,1250.0,1875.0,,,,,1791.6666666666667,1791.6666666666667,,,505.18148554092255,,-925.0,-550.0,,,-41.11111111111111,,,2025-12-31,,,
2025-12-30,Sugarcane,150,Amarawati,Local,Amrawati(Frui & Veg. Market) APMC,900,400,650,Maharashtra,Other,500,0.5,2025,12,1,1,4,600.0,600.0,500.0,500.0,550.0,,,566.6666666666666,535.7142857142857,533.3333333333334,,47.55948656056713,43.30127018922193,50.0,150.0,100.0,,8.333333333333332,18.181818181818183,,2026-01-01,650.0,650.0,0.0
2025-12-31,Sugarcane,150,Amarawati,Local,Amrawati(Frui & Veg. Market) APMC,800,400,600,Maharashtra,Other,400,0.5,2025,12,1,2,4,650.0,600.0,600.0,500.0,500.0,,,616.6666666666666,550.0,545.0,545.0,64.54972243679035,55.025246730730586,-50.0,0.0,100.0,,-7.6923076923076925,20.0,,2026-01-02,,,
2026-01-01,Sugarcane,150,Amarawati,Local,Amrawati(Frui & Veg. Market) APMC,900,400,650,Maharashtra,Other,500,0.5,2026,1,1,3,1,600.0,650.0,600.0,500.0,500.0,,,616.6666666666666,564.2857142857143,550.0,550.0,62.67831705280095,54.77225575051661,50.0,50.0,150.0,,8.333333333333332,30.0,,2026-01-03,,,
2026-01-06,Sugarcane,150,Amarawati,Local,Amrawati(Frui & Veg. Market) APMC,900,400,650,Maharashtra,Other,500,0.5,2026,1,2,1,1,650.0,600.0,650.0,600.0,500.0,,,633.3333333333334,585.7142857142857,558.3333333333334,558.3333333333334,62.678317052800985,59.670814143985496,0.0,0.0,150.0,,0.0,30.0,,2026-01-08,600.0,600.0,-7.6923076923076925
2026-01-07,Sugarcane,150,Amarawati,Local,Amrawati(Frui & Veg. Market) APMC,800,400,600,Maharashtra,Other,400,0.5,2026,1,2,2,1,650.0,650.0,600.0,600.0,500.0,,,633.3333333333334,607.1428571428571,565.3846153846154,565.3846153846154,53.45224838248502,62.53204306798562,-50.0,0.0,100.0,,-7.6923076923076925,20.0,,2026-01-09,,,
2026-01-08,Sugarcane,150,Amarawati,Local,Amrawati(Frui & Veg. Market) APMC,800,400,600,Maharashtra,Other,400,0.5,2026,1,2,3,1,600.0,650.0,650.0,650.0,600.0,550.0,,633.3333333333334,621.4285714285714,567.8571428571429,567.8571428571429,26.72612419124273,60.786963611081475,0.0,-50.0,0.0,50.0,0.0,0.0,9.090909090909092,2026-01-10,,,
2026-01-13,Sugarcane,150,Amarawati,Local,Amrawati(Frui & Veg. Market) APMC,900,600,750,Maharashtra,Other,300,0.5,2026,1,3,1,1,600.0,600.0,650.0,600.0,600.0,500.0,,616.6666666666666,621.4285714285714,571.4285714285714,570.0,26.72612419124273,61.124984550212645,150.0,100.0,150.0,250.0,25.0,25.0,50.0,2026-01-15,,,
2026-05-24,Sugarcane,150,Amarawati,Local,Amrawati(Frui & Veg. Market) APMC,700,400,550,Maharashtra,Other,300,0.5,2026,5,21,6,2,750.0,600.0,600.0,650.0,650.0,550.0,,650.0,642.8571428571429,589.2857142857143,581.25,53.45224838248502,73.84644001776053,-200.0,-50.0,-100.0,0.0,-26.666666666666668,-15.384615384615385,0.0,2026-05-26,550.0,550.0,0.0
2026-05-26,Sugarcane,150,Amarawati,Local,Amrawati(Frui & Veg. Market) APMC,700,400,550,Maharashtra,Other,300,0.5,2026,5,22,1,2,550.0,750.0,600.0,650.0,600.0,500.0,,633.3333333333334,628.5714285714286,589.2857142857143,579.4117647058823,63.62090102803532,73.84644001776053,0.0,-50.0,-50.0,50.0,0.0,-8.333333333333332,10.0,2026-05-28,550.0,550.0,0.0
2026-05-28,Sugarcane,150,Amarawati,Local,Amrawati(Frui & Veg. Market) APMC,700,400,550,Maharashtra,Other,300,0.5,2026,5,22,3,2,550.0,550.0,750.0,600.0,650.0,500.0,,616.6666666666666,621.4285714285714,592.8571428571429,577.7777777777778,69.86381310057733,70.32108464077432,0.0,-200.0,-100.0,50.0,0.0,-15.384615384615385,10.0,2026-05-30,,,
2026-05-31,Sugarcane,150,Amarawati,Local,Amrawati(Frui & Veg. Market) APMC,700,400,550,Maharashtra,Other,300,0.5,2026,5,22,6,2,550.0,550.0,550.0,600.0,650.0,500.0,,550.0,607.1428571428571,596.4285714285714,576.3157894736842,73.19250547114017,66.4028663488306,0.0,0.0,-100.0,50.0,0.0,-15.384615384615385,10.0,2026-06-02,,,
2026-06-04,Sugarcane,150,Amarawati,Local,Amrawati(Frui & Veg. Market) APMC,700,400,550,Maharashtra,Other,300,0.5,2026,6,23,3,2,550.0,550.0,550.0,750.0,600.0,500.0,,550.0,592.8571428571429,600.0,575.0,73.19250547114021,62.017367294604234,0.0,0.0,-50.0,50.0,0.0,-8.333333333333332,10.0,2026-06-06,,,
