Arrival_Date,Commodity,Commodity_Code,District,Grade,Market,Max_Price,Min_Price,Modal_Price,State,Variety
2006-07-04,Sugarcane,150,Thane,FAQ,Ulhasnagar,275,200,225,Maharashtra,Other
2006-07-05,Sugarcane,150,Thane,FAQ,Ulhasnagar,275,200,225,Maharashtra,Other
2006-07-06,Sugarcane,150,Thane,FAQ,Ulhasnagar,275,200,225,Maharashtra,Other
2006-12-05,Sugarcane,150,Thane,FAQ,Ulhasnagar,325,250,300,Maharashtra,Other
2006-12-06,Sugarcane,150,Thane,FAQ,Ulhasnagar,325,250,300,Maharashtra,Other
2006-12-07,Sugarcane,150,Thane,FAQ,Ulhasnagar,325,250,300,Maharashtra,Other
2006-12-08,Sugarcane,150,Thane,FAQ,Ulhasnagar,325,250,300,Maharashtra,Other
2006-12-11,Sugarcane,150,Thane,FAQ,Ulhasnagar,325,250,300,Maharashtra,Other
2006-12-12,Sugarcane,150,Thane,FAQ,Ulhasnagar,325,250,300,Maharashtra,Other
2006-12-13,Sugarcane,150,Thane,FAQ,Ulhasnagar,325,250,300,Maharashtra,Other
2006-12-14,Sugarcane,150,Thane,FAQ,Ulhasnagar,325,250,300,Maharashtra,Other
2006-12-18,Sugarcane,150,Thane,FAQ,Ulhasnagar,325,250,300,Maharashtra,Other
2006-12-19,Sugarcane,150,Thane,FAQ,Ulhasnagar,325,250,300,Maharashtra,Other
2006-12-20,Sugarcane,150,Thane,FAQ,Ulhasnagar,325,250,300,Maharashtra,Other
2006-12-21,Sugarcane,150,Thane,FAQ,Ulhasnagar,325,250,300,Maharashtra,Other
2006-12-22,Sugarcane,150,Thane,FAQ,Ulhasnagar,325,250,300,Maharashtra,Other
2006-12-26,Sugarcane,150,Thane,FAQ,Ulhasnagar,325,250,300,Maharashtra,Other
2006-12-27,Sugarcane,150,Thane,FAQ,Ulhasnagar,325,250,300,Maharashtra,Other
2006-12-28,Sugarcane,150,Thane,FAQ,Ulhasnagar,325,250,300,Maharashtra,Other
2006-12-29,Sugarcane,150,Thane,FAQ,Ulhasnagar,325,250,300,Maharashtra,Other
2006-12-30,Sugarcane,150,Thane,FAQ,Ulhasnagar,325,250,300,Maharashtra,Other
2007-01-02,Sugarcane,150,Thane,FAQ,Ulhasnagar,325,250,300,Maharashtra,Other
2007-01-03,Sugarcane,150,Thane,FAQ,Ulhasnagar,325,250,300,Maharashtra,Other
2007-01-04,Sugarcane,150,Thane,FAQ,Ulhasnagar,325,250,300,Maharashtra,Other
2007-01-05,Sugarcane,150,Thane,FAQ,Ulhasnagar,325,250,300,Maharashtra,Other
2007-01-06,Sugarcane,150,Thane,FAQ,Ulhasnagar,325,250,300,Maharashtra,Other
2007-01-08,Sugarcane,150,Thane,FAQ,Ulhasnagar,325,250,300,Maharashtra,Other
2007-01-09,Sugarcane,150,Thane,FAQ,Ulhasnagar,325,250,300,Maharashtra,Other
2007-01-10,Sugarcane,150,Thane,FAQ,Ulhasnagar,325,250,300,Maharashtra,Other
2007-01-12,Sugarcane,150,Thane,FAQ,Ulhasnagar,325,250,300,Maharashtra,Other
2007-01-15,Sugarcane,150,Thane,FAQ,Ulhasnagar,325,250,300,Maharashtra,Other
2007-01-16,Sugarcane,150,Thane,FAQ,Ulhasnagar,325,250,300,Maharashtra,Other
2007-01-17,Sugarcane,150,Thane,FAQ,Ulhasnagar,325,250,300,Maharashtra,Other
2007-01-18,Sugarcane,150,Thane,FAQ,Ulhasnagar,325,250,300,Maharashtra,Other
2007-01-19,Sugarcane,150,Thane,FAQ,Ulhasnagar,325,250,300,Maharashtra,Other
2007-01-20,Sugarcane,150,Thane,FAQ,Ulhasnagar,325,250,300,Maharashtra,Other
2007-01-22,Sugarcane,150,Thane,FAQ,Ulhasnagar,325,250,300,Maharashtra,Other
2007-01-23,Sugarcane,150,Thane,FAQ,Ulhasnagar,325,250,300,Maharashtra,Other
2007-01-24,Sugarcane,150,Thane,FAQ,Ulhasnagar,325,250,300,Maharashtra,Other
2009-01-12,Sugarcane,150,Thane,FAQ,Ulhasnagar,2000,1800,1900,Maharashtra,Other
2009-01-13,Sugarcane,150,Thane,FAQ,Ulhasnagar,2000,1800,1900,Maharashtra,Other
2009-01-14,Sugarcane,150,Thane,FAQ,Ulhasnagar,2000,1800,1900,Maharashtra,Other
2009-01-15,Sugarcane,150,Thane,FAQ,Ulhasnagar,2000,1800,1900,Maharashtra,Other
2009-01-16,Sugarcane,150,Thane,FAQ,Ulhasnagar,2000,1800,1900,Maharashtra,Other
2009-01-17,Sugarcane,150,Thane,FAQ,Ulhasnagar,2000,1800,1900,Maharashtra,Other
2009-01-19,Sugarcane,150,Thane,FAQ,Ulhasnagar,2000,1800,1900,Maharashtra,Other
2009-01-20,Sugarcane,150,Thane,FAQ,Ulhasnagar,2000,1800,1900,Maharashtra,Other
2009-01-21,Sugarcane,150,Thane,FAQ,Ulhasnagar,2000,1800,1900,Maharashtra,Other
2009-01-22,Sugarcane,150,Thane,FAQ,Ulhasnagar,2000,1800,1900,Maharashtra,Other
2009-01-23,Sugarcane,150,Thane,FAQ,Ulhasnagar,2000,1800,1900,Maharashtra,Other
2009-01-27,Sugarcane,150,Thane,FAQ,Ulhasnagar,2000,1800,1900,Maharashtra,Other
2009-01-29,Sugarcane,150,Thane,FAQ,Ulhasnagar,2000,1800,1900,Maharashtra,Other
2009-01-30,Sugarcane,150,Thane,FAQ,Ulhasnagar,2000,1800,1900,Maharashtra,Other
2009-01-31,Sugarcane,150,Thane,FAQ,Ulhasnagar,2200,2000,2100,Maharashtra,Other
2009-02-02,Sugarcane,150,Thane,FAQ,Ulhasnagar,2000,1800,1900,Maharashtra,Other
2009-02-03,Sugarcane,150,Thane,FAQ,Ulhasnagar,2000,1800,1900,Maharashtra,Other
2009-02-04,Sugarcane,150,Thane,FAQ,Ulhasnagar,2000,1800,1900,Maharashtra,Other
2009-02-05,Sugarcane,150,Thane,FAQ,Ulhasnagar,2000,1800,1900,Maharashtra,Other
2009-02-06,Sugarcane,150,Thane,FAQ,Ulhasnagar,2000,1800,1900,Maharashtra,Other
2009-02-09,Sugarcane,150,Thane,FAQ,Ulhasnagar,2000,1800,1900,Maharashtra,Other
2009-02-10,Sugarcane,150,Thane,FAQ,Ulhasnagar,2000,1800,1900,Maharashtra,Other
2009-02-11,Sugarcane,150,Thane,FAQ,Ulhasnagar,2000,1800,1900,Maharashtra,Other
2009-02-12,Sugarcane,150,Thane,FAQ,Ulhasnagar,2000,1800,1900,Maharashtra,Other
2009-02-13,Sugarcane,150,Thane,FAQ,Ulhasnagar,2000,1800,1900,Maharashtra,Other
2009-02-16,Sugarcane,150,Thane,FAQ,Ulhasnagar,2000,1800,1900,Maharashtra,Other
2009-02-17,Sugarcane,150,Thane,FAQ,Ulhasnagar,2200,2000,2100,Maharashtra,Other
2009-02-18,Sugarcane,150,Thane,FAQ,Ulhasnagar,2200,2000,2100,Maharashtra,Other
2009-02-20,Sugarcane,150,Thane,FAQ,Ulhasnagar,2200,2000,2100,Maharashtra,Other
2009-02-21,Sugarcane,150,Thane,FAQ,Ulhasnagar,2200,2000,2100,Maharashtra,Other
2009-02-24,Sugarcane,150,Thane,FAQ,Ulhasnagar,2200,2000,2100,Maharashtra,Other
2009-02-25,Sugarcane,150,Thane,FAQ,Ulhasnagar,2200,2000,2100,Maharashtra,Other
2009-02-26,Sugarcane,150,Thane,FAQ,Ulhasnagar,2200,2000,2100,Maharashtra,Other
2009-02-27,Sugarcane,150,Thane,FAQ,Ulhasnagar,2200,2000,2100,Maharashtra,Other
2009-03-01,Sugarcane,150,Thane,FAQ,Ulhasnagar,2000,1800,1900,Maharashtra,Other
2009-03-02,Sugarcane,150,Thane,FAQ,Ulhasnagar,2200,2000,2100,Maharashtra,Other
2009-03-03,Sugarcane,150,Thane,FAQ,Ulhasnagar,2000,1800,1900,Maharashtra,Other
2009-03-04,Sugarcane,150,Thane,FAQ,Ulhasnagar,2000,1800,1900,Maharashtra,Other
2009-03-05,Sugarcane,150,Thane,FAQ,Ulhasnagar,2000,1800,1900,Maharashtra,Other
2009-03-06,Sugarcane,150,Thane,FAQ,Ulhasnagar,2000,1800,1900,Maharashtra,Other
2009-03-16,Sugarcane,150,Thane,FAQ,Ulhasnagar,2000,1800,1900,Maharashtra,Other
2009-03-17,Sugarcane,150,Thane,FAQ,Ulhasnagar,2000,1800,1900,Maharashtra,Other
2009-03-23,Sugarcane,150,Thane,FAQ,Ulhasnagar,2000,1800,1900,Maharashtra,Other
2009-03-24,Sugarcane,150,Thane,FAQ,Ulhasnagar,2000,1800,1900,Maharashtra,Other
2009-03-25,Sugarcane,150,Thane,FAQ,Ulhasnagar,2000,1800,1900,Maharashtra,Other
2009-03-26,Sugarcane,150,Thane,FAQ,Ulhasnagar,1800,1600,1700,Maharashtra,Other
2009-03-30,Sugarcane,150,Thane,FAQ,Ulhasnagar,2000,1800,1900,Maharashtra,Other
2009-03-31,Sugarcane,150,Thane,FAQ,Ulhasnagar,2000,1800,1900,Maharashtra,Other
2009-04-27,Sugarcane,150,Thane,FAQ,Ulhasnagar,1900,1800,1850,Maharashtra,Other
2009-04-28,Sugarcane,150,Thane,FAQ,Ulhasnagar,2000,1800,1900,Maharashtra,Other
2009-04-29,Sugarcane,150,Thane,FAQ,Ulhasnagar,2000,1800,1900,Maharashtra,Other
2009-04-30,Sugarcane,150,Thane,FAQ,Ulhasnagar,2000,1800,1900,Maharashtra,Other
2009-05-20,Sugarcane,150,Thane,FAQ,Ulhasnagar,2000,1800,1900,Maharashtra,Other
2009-05-21,Sugarcane,150,Thane,FAQ,Ulhasnagar,2000,1800,1900,Maharashtra,Other
2009-05-22,Sugarcane,150,Thane,FAQ,Ulhasnagar,2000,1800,1900,Maharashtra,Other
2009-05-25,Sugarcane,150,Thane,FAQ,Ulhasnagar,2000,1800,1900,Maharashtra,Other
2009-05-26,Sugarcane,150,Thane,FAQ,Ulhasnagar,2200,2000,2100,Maharashtra,Other
2009-05-27,Sugarcane,150,Thane,FAQ,Ulhasnagar,2000,1800,1900,Maharashtra,Other
2009-05-28,Sugarcane,150,Thane,FAQ,Ulhasnagar,2000,1800,1900,Maharashtra,Other
2009-05-29,Sugarcane,150,Thane,FAQ,Ulhasnagar,2000,1800,1900,Maharashtra,Other
2009-05-30,Sugarcane,150,Thane,FAQ,Ulhasnagar,2000,1800,1900,Maharashtra,Other
2010-07-23,Sugarcane,150,Sholapur,FAQ,Barshi,2400,2400,2400,Maharashtra,Other
2010-11-08,Sugarcane,150,Thane,FAQ,Ulhasnagar,35000,32000,33000,Maharashtra,Other
2011-04-06,Sugarcane,150,Thane,FAQ,Ulhasnagar,40000,35000,36000,Maharashtra,Other
2013-09-17,Sugarcane,150,Thane,FAQ,Ulhasnagar,10,5,7,Maharashtra,Other
2013-10-27,Sugarcane,150,Nagpur,FAQ,Kamthi,800,200,500,Maharashtra,Other
2013-10-29,Sugarcane,150,Nagpur,FAQ,Kamthi,1200,800,1000,Maharashtra,Other
2013-10-31,Sugarcane,150,Nagpur,FAQ,Kamthi,600,400,500,Maharashtra,Other
2013-11-02,Sugarcane,150,Nagpur,FAQ,Kamthi,500,300,400,Maharashtra,Other
2013-11-13,Sugarcane,150,Nagpur,FAQ,Kamthi,600,400,500,Maharashtra,Other
2014-10-03,Sugarcane,150,Nagpur,FAQ,Kamthi,400,200,300,Maharashtra,Other
2014-10-22,Sugarcane,150,Nagpur,FAQ,Kamthi,1000,600,800,Maharashtra,Other
2014-11-02,Sugarcane,150,Nagpur,FAQ,Kamthi,1000,600,800,Maharashtra,Other
2015-12-07,Sugarcane,150,Thane,FAQ,Ulhasnagar,500,300,400,Maharashtra,Other
2015-12-08,Sugarcane,150,Thane,FAQ,Ulhasnagar,4000,3500,3750,Maharashtra,Other
2015-12-09,Sugarcane,150,Thane,FAQ,Ulhasnagar,600,400,500,Maharashtra,Other
2015-12-10,Sugarcane,150,Thane,FAQ,Ulhasnagar,3500,2800,3250,Maharashtra,Other
2015-12-11,Sugarcane,150,Thane,FAQ,Ulhasnagar,3200,2800,3000,Maharashtra,Other
2015-12-12,Sugarcane,150,Thane,FAQ,Ulhasnagar,650,350,500,Maharashtra,Other
2015-12-14,Sugarcane,150,Thane,FAQ,Ulhasnagar,700,400,550,Maharashtra,Other
2015-12-15,Sugarcane,150,Thane,FAQ,Ulhasnagar,700,400,550,Maharashtra,Other
2015-12-17,Sugarcane,150,Thane,FAQ,Ulhasnagar,500,400,450,Maharashtra,Other
2015-12-21,Sugarcane,150,Thane,FAQ,Ulhasnagar,600,400,500,Maharashtra,Other
2015-12-22,Sugarcane,150,Thane,FAQ,Ulhasnagar,800,400,600,Maharashtra,Other
2015-12-23,Sugarcane,150,Thane,FAQ,Ulhasnagar,600,400,500,Maharashtra,Other
2015-12-28,Sugarcane,150,Thane,FAQ,Ulhasnagar,600,400,500,Maharashtra,Other
2015-12-29,Sugarcane,150,Thane,FAQ,Ulhasnagar,600,300,450,Maharashtra,Other
2015-12-30,Sugarcane,150,Thane,FAQ,Ulhasnagar,600,300,450,Maharashtra,Other
2015-12-31,Sugarcane,150,Thane,FAQ,Ulhasnagar,600,300,500,Maharashtra,Other
2016-01-02,Sugarcane,150,Thane,FAQ,Ulhasnagar,600,300,450,Maharashtra,Other
2016-01-05,Sugarcane,150,Thane,FAQ,Ulhasnagar,400,300,350,Maharashtra,Other
2016-01-06,Sugarcane,150,Thane,FAQ,Ulhasnagar,500,300,400,Maharashtra,Other
2016-01-07,Sugarcane,150,Thane,FAQ,Ulhasnagar,600,400,500,Maharashtra,Other
2016-01-08,Sugarcane,150,Thane,FAQ,Ulhasnagar,400,300,350,Maharashtra,Other
2016-01-09,Sugarcane,150,Thane,FAQ,Ulhasnagar,600,300,450,Maharashtra,Other
2016-01-11,Sugarcane,150,Thane,FAQ,Ulhasnagar,600,300,450,Maharashtra,Other
2016-01-13,Sugarcane,150,Thane,FAQ,Ulhasnagar,600,300,450,Maharashtra,Other
2016-01-14,Sugarcane,150,Thane,FAQ,Ulhasnagar,600,300,450,Maharashtra,Other
2016-01-15,Sugarcane,150,Thane,FAQ,Ulhasnagar,500,300,400,Maharashtra,Other
2016-01-18,Sugarcane,150,Thane,FAQ,Ulhasnagar,600,300,450,Maharashtra,Other
2016-01-19,Sugarcane,150,Thane,FAQ,Ulhasnagar,600,300,450,Maharashtra,Other
2016-01-20,Sugarcane,150,Thane,FAQ,Ulhasnagar,600,300,450,Maharashtra,Other
2016-01-21,Sugarcane,150,Thane,FAQ,Ulhasnagar,500,300,400,Maharashtra,Other
2016-01-22,Sugarcane,150,Thane,FAQ,Ulhasnagar,600,300,450,Maharashtra,Other
2016-01-25,Sugarcane,150,Thane,FAQ,Ulhasnagar,600,300,450,Maharashtra,Other
2016-01-27,Sugarcane,150,Thane,FAQ,Ulhasnagar,500,300,400,Maharashtra,Other
2016-02-02,Sugarcane,150,Thane,FAQ,Ulhasnagar,500,300,400,Maharashtra,Other
2016-02-03,Sugarcane,150,Thane,FAQ,Ulhasnagar,600,300,450,Maharashtra,Other
2016-02-05,Sugarcane,150,Thane,FAQ,Ulhasnagar,500,300,400,Maharashtra,Other
2016-02-09,Sugarcane,150,Thane,FAQ,Ulhasnagar,500,300,400,Maharashtra,Other
2016-02-10,Sugarcane,150,Thane,FAQ,Ulhasnagar,500,300,400,Maharashtra,Other
2016-02-11,Sugarcane,150,Thane,FAQ,Ulhasnagar,500,300,400,Maharashtra,Other
2016-02-16,Sugarcane,150,Thane,FAQ,Ulhasnagar,500,300,400,Maharashtra,Other
2016-02-17,Sugarcane,150,Thane,FAQ,Ulhasnagar,500,300,400,Maharashtra,Other
2016-02-20,Sugarcane,150,Thane,FAQ,Ulhasnagar,500,300,400,Maharashtra,Other
2016-02-29,Sugarcane,150,Thane,FAQ,Ulhasnagar,500,300,400,Maharashtra,Other
2016-03-01,Sugarcane,150,Thane,FAQ,Ulhasnagar,500,300,400,Maharashtra,Other
2016-03-03,Sugarcane,150,Thane,FAQ,Ulhasnagar,500,300,450,Maharashtra,Other
2016-03-04,Sugarcane,150,Thane,FAQ,Ulhasnagar,500,300,400,Maharashtra,Other
2016-03-08,Sugarcane,150,Thane,FAQ,Ulhasnagar,500,300,400,Maharashtra,Other
2016-03-09,Sugarcane,150,Thane,FAQ,Ulhasnagar,500,300,400,Maharashtra,Other
2016-03-11,Sugarcane,150,Thane,FAQ,Ulhasnagar,500,300,400,Maharashtra,Other
2016-03-12,Sugarcane,150,Thane,FAQ,Ulhasnagar,500,300,400,Maharashtra,Other
2016-03-14,Sugarcane,150,Thane,FAQ,Ulhasnagar,500,300,400,Maharashtra,Other
2016-03-15,Sugarcane,150,Thane,FAQ,Ulhasnagar,500,300,400,Maharashtra,Other
2016-03-16,Sugarcane,150,Thane,FAQ,Ulhasnagar,500,300,400,Maharashtra,Other
2016-03-17,Sugarcane,150,Thane,FAQ,Ulhasnagar,500,300,400,Maharashtra,Other
2016-03-21,Sugarcane,150,Thane,FAQ,Ulhasnagar,500,300,400,Maharashtra,Other
2016-03-22,Sugarcane,150,Thane,FAQ,Ulhasnagar,500,300,400,Maharashtra,Other
2016-03-28,Sugarcane,150,Thane,FAQ,Ulhasnagar,500,300,400,Maharashtra,Other
2016-03-29,Sugarcane,150,Thane,FAQ,Ulhasnagar,500,300,400,Maharashtra,Other
2016-04-04,Sugarcane,150,Thane,FAQ,Ulhasnagar,500,300,400,Maharashtra,Other
2016-04-05,Sugarcane,150,Thane,FAQ,Ulhasnagar,500,300,400,Maharashtra,Other
2016-04-06,Sugarcane,150,Thane,FAQ,Ulhasnagar,550,250,300,Maharashtra,Other
2016-04-11,Sugarcane,150,Thane,FAQ,Ulhasnagar,500,300,400,Maharashtra,Other
2016-04-13,Sugarcane,150,Thane,FAQ,Ulhasnagar,600,300,450,Maharashtra,Other
2016-04-16,Sugarcane,150,Thane,FAQ,Ulhasnagar,500,300,400,Maharashtra,Other
2016-04-18,Sugarcane,150,Thane,FAQ,Ulhasnagar,500,300,400,Maharashtra,Other
2016-04-19,Sugarcane,150,Thane,FAQ,Ulhasnagar,500,300,400,Maharashtra,Other
2016-04-25,Sugarcane,150,Thane,FAQ,Ulhasnagar,600,300,400,Maharashtra,Other
2016-04-28,Sugarcane,150,Chattrapati Sambhajinagar,FAQ,Sillod,3000,2800,3000,Maharashtra,Other
2016-04-29,Sugarcane,150,Thane,FAQ,Ulhasnagar,600,300,450,Maharashtra,Other
2016-04-30,Sugarcane,150,Thane,FAQ,Ulhasnagar,600,300,450,Maharashtra,Other
2016-05-01,Sugarcane,150,Thane,FAQ,Ulhasnagar,700,300,500,Maharashtra,Other
2016-05-02,Sugarcane,150,Thane,FAQ,Ulhasnagar,700,300,400,Maharashtra,Other
2016-05-03,Sugarcane,150,Thane,FAQ,Ulhasnagar,600,300,400,Maharashtra,Other
2016-05-04,Sugarcane,150,Thane,FAQ,Ulhasnagar,650,250,400,Maharashtra,Other
2016-05-05,Sugarcane,150,Thane,FAQ,Ulhasnagar,600,300,450,Maharashtra,Other
2016-05-09,Sugarcane,150,Thane,FAQ,Ulhasnagar,500,300,450,Maharashtra,Other
2016-05-10,Sugarcane,150,Thane,FAQ,Ulhasnagar,500,300,400,Maharashtra,Other
2016-05-11,Sugarcane,150,Thane,FAQ,Ulhasnagar,500,300,400,Maharashtra,Other
2016-05-12,Sugarcane,150,Thane,FAQ,Ulhasnagar,500,300,450,Maharashtra,Other
2016-05-13,Sugarcane,150,Thane,FAQ,Ulhasnagar,600,300,450,Maharashtra,Other
2016-05-14,Sugarcane,150,Thane,FAQ,Ulhasnagar,600,250,450,Maharashtra,Other
2016-05-16,Sugarcane,150,Thane,FAQ,Ulhasnagar,600,300,450,Maharashtra,Other
2016-05-17,Sugarcane,150,Thane,FAQ,Ulhasnagar,600,300,450,Maharashtra,Other
2016-05-19,Sugarcane,150,Thane,FAQ,Ulhasnagar,600,300,450,Maharashtra,Other
2016-05-20,Sugarcane,150,Thane,FAQ,Ulhasnagar,600,300,450,Maharashtra,Other
2016-05-21,Sugarcane,150,Thane,FAQ,Ulhasnagar,500,300,400,Maharashtra,Other
2016-05-23,Sugarcane,150,Thane,FAQ,Ulhasnagar,500,300,400,Maharashtra,Other
2016-05-24,Sugarcane,150,Thane,FAQ,Ulhasnagar,600,300,450,Maharashtra,Other
2016-05-25,Sugarcane,150,Thane,FAQ,Ulhasnagar,600,300,400,Maharashtra,Other
2016-05-26,Sugarcane,150,Thane,FAQ,Ulhasnagar,600,300,450,Maharashtra,Other
2016-05-27,Sugarcane,150,Thane,FAQ,Ulhasnagar,600,300,450,Maharashtra,Other
2016-05-28,Sugarcane,150,Thane,FAQ,Ulhasnagar,500,300,400,Maharashtra,Other
2016-05-29,Sugarcane,150,Thane,FAQ,Ulhasnagar,500,300,400,Maharashtra,Other
2016-05-30,Sugarcane,150,Thane,FAQ,Ulhasnagar,500,300,400,Maharashtra,Other
2016-05-31,Sugarcane,150,Thane,FAQ,Ulhasnagar,500,300,400,Maharashtra,Other
2016-06-01,Sugarcane,150,Thane,FAQ,Ulhasnagar,500,300,450,Maharashtra,Other
2016-06-02,Sugarcane,150,Thane,FAQ,Ulhasnagar,500,300,400,Maharashtra,Other
2016-06-03,Sugarcane,150,Thane,FAQ,Ulhasnagar,500,300,400,Maharashtra,Other
2016-06-04,Sugarcane,150,Thane,FAQ,Ulhasnagar,500,300,400,Maharashtra,Other
2016-06-06,Sugarcane,150,Thane,FAQ,Ulhasnagar,500,300,400,Maharashtra,Other
2016-06-07,Sugarcane,150,Thane,FAQ,Ulhasnagar,600,300,450,Maharashtra,Other
2016-06-08,Sugarcane,150,Thane,FAQ,Ulhasnagar,500,300,450,Maharashtra,Other
2016-06-09,Sugarcane,150,Thane,FAQ,Ulhasnagar,500,300,400,Maharashtra,Other
2016-06-10,Sugarcane,150,Thane,FAQ,Ulhasnagar,500,300,400,Maharashtra,Other
2016-06-11,Sugarcane,150,Thane,FAQ,Ulhasnagar,500,300,400,Maharashtra,Other
2016-06-13,Sugarcane,150,Thane,FAQ,Ulhasnagar,600,300,450,Maharashtra,Other
2016-06-14,Sugarcane,150,Thane,FAQ,Ulhasnagar,500,300,400,Maharashtra,Other
2016-06-15,Sugarcane,150,Thane,FAQ,Ulhasnagar,600,300,450,Maharashtra,Other
2016-06-16,Sugarcane,150,Thane,FAQ,Ulhasnagar,6000,300,450,Maharashtra,Other
2016-06-17,Sugarcane,150,Thane,FAQ,Ulhasnagar,600,300,450,Maharashtra,Other
2016-06-18,Sugarcane,150,Thane,FAQ,Ulhasnagar,600,300,450,Maharashtra,Other
2016-06-20,Sugarcane,150,Thane,FAQ,Ulhasnagar,600,300,400,Maharashtra,Other
2016-06-21,Sugarcane,150,Thane,FAQ,Ulhasnagar,500,300,450,Maharashtra,Other
2016-06-22,Sugarcane,150,Thane,FAQ,Ulhasnagar,600,300,450,Maharashtra,Other
2016-06-23,Sugarcane,150,Thane,FAQ,Ulhasnagar,600,300,450,Maharashtra,Other
2016-06-24,Sugarcane,150,Thane,FAQ,Ulhasnagar,500,300,400,Maharashtra,Other
2016-06-25,Sugarcane,150,Thane,FAQ,Ulhasnagar,6000,300,450,Maharashtra,Other
2016-06-27,Sugarcane,150,Thane,FAQ,Ulhasnagar,500,300,400,Maharashtra,Other
2016-06-28,Sugarcane,150,Thane,FAQ,Ulhasnagar,500,300,400,Maharashtra,Other
2016-06-29,Sugarcane,150,Thane,FAQ,Ulhasnagar,500,300,400,Maharashtra,Other
2016-07-01,Sugarcane,150,Thane,FAQ,Ulhasnagar,600,300,400,Maharashtra,Other
2016-07-02,Sugarcane,150,Thane,FAQ,Ulhasnagar,500,300,400,Maharashtra,Other
2016-07-05,Sugarcane,150,Thane,FAQ,Ulhasnagar,500,300,400,Maharashtra,Other
2016-07-07,Sugarcane,150,Thane,FAQ,Ulhasnagar,500,300,400,Maharashtra,Other
2016-07-08,Sugarcane,150,Thane,FAQ,Ulhasnagar,500,300,400,Maharashtra,Other
2016-07-11,Sugarcane,150,Thane,FAQ,Ulhasnagar,500,300,400,Maharashtra,Other
2016-07-12,Sugarcane,150,Thane,FAQ,Ulhasnagar,500,300,400,Maharashtra,Other
2016-07-18,Sugarcane,150,Thane,FAQ,Ulhasnagar,600,400,500,Maharashtra,Other
2016-07-20,Sugarcane,150,Thane,FAQ,Ulhasnagar,500,300,400,Maharashtra,Other
2016-07-23,Sugarcane,150,Thane,FAQ,Ulhasnagar,500,300,400,Maharashtra,Other
2016-07-26,Sugarcane,150,Thane,FAQ,Ulhasnagar,500,300,400,Maharashtra,Other
2016-07-28,Sugarcane,150,Thane,FAQ,Ulhasnagar,500,300,400,Maharashtra,Other
2016-07-30,Sugarcane,150,Thane,FAQ,Ulhasnagar,500,300,300,Maharashtra,Other
2016-08-02,Sugarcane,150,Thane,FAQ,Ulhasnagar,530,300,400,Maharashtra,Other
2016-08-04,Sugarcane,150,Thane,FAQ,Ulhasnagar,600,300,450,Maharashtra,Other
2016-08-06,Sugarcane,150,Thane,FAQ,Ulhasnagar,500,300,400,Maharashtra,Other
2016-08-09,Sugarcane,150,Thane,FAQ,Ulhasnagar,500,300,400,Maharashtra,Other
2016-08-18,Sugarcane,150,Thane,FAQ,Ulhasnagar,600,400,500,Maharashtra,Other
2016-11-19,Sugarcane,150,Thane,FAQ,Ulhasnagar,500,200,350,Maharashtra,Other
2016-12-13,Sugarcane,150,Thane,FAQ,Ulhasnagar,500,200,350,Maharashtra,Other
2016-12-20,Sugarcane,150,Thane,FAQ,Ulhasnagar,500,300,400,Maharashtra,Other
2017-03-06,Sugarcane,150,Thane,FAQ,Kalyan,3000,2500,2700,Maharashtra,Other
2018-10-31,Sugarcane,150,Chandrapur,FAQ,Chandrapur(Ganjwad),20,10,15,Maharashtra,Other
2018-11-05,Sugarcane,150,Chandrapur,FAQ,Chandrapur(Ganjwad),20,10,15,Maharashtra,Other
2019-10-13,Sugarcane,150,Chandrapur,FAQ,Chandrapur(Ganjwad),30,18,25,Maharashtra,Other
2020-11-26,Sugarcane,150,Chandrapur,FAQ,Chandrapur(Ganjwad),300,100,200,Maharashtra,Other
2020-11-28,Sugarcane,150,Chandrapur,FAQ,Chandrapur(Ganjwad),2500,2000,2200,Maharashtra,Other
2021-11-09,Sugarcane,150,Chandrapur,FAQ,Chandrapur(Ganjwad),30,12,15,Maharashtra,Other
2021-11-10,Sugarcane,150,Chandrapur,FAQ,Chandrapur(Ganjwad),15,10,12,Maharashtra,Other
2022-01-13,Sugarcane,150,Amarawati,FAQ,Amrawati(Frui & Veg. Market),1100,400,700,Maharashtra,Other
2022-01-15,Sugarcane,150,Amarawati,FAQ,Amrawati(Frui & Veg. Market),1200,400,800,Maharashtra,Other
2022-03-06,Sugarcane,150,Amarawati,FAQ,Amrawati(Frui & Veg. Market),400,150,275,Maharashtra,Other
2022-12-25,Sugarcane,150,Amarawati,FAQ,Amrawati(Frui & Veg. Market),700,500,600,Maharashtra,Other
2024-04-13,Sugarcane,150,Nagpur,FAQ,Nagpur,2000,500,1550,Maharashtra,Other
2024-06-26,Sugarcane,150,Amarawati,FAQ,Amrawati(Frui & Veg. Market),600,400,500,Maharashtra,Other
2024-07-03,Sugarcane,150,Amarawati,FAQ,Amrawati(Frui & Veg. Market),600,400,500,Maharashtra,Other
2024-07-06,Sugarcane,150,Amarawati,FAQ,Amrawati(Frui & Veg. Market),600,400,500,Maharashtra,Other
2024-07-13,Sugarcane,150,Amarawati,FAQ,Amrawati(Frui & Veg. Market),600,400,500,Maharashtra,Other
2024-07-14,Sugarcane,150,Amarawati,FAQ,Amrawati(Frui & Veg. Market),600,400,500,Maharashtra,Other
2024-07-16,Sugarcane,150,Amarawati,FAQ,Amrawati(Frui & Veg. Market),600,400,500,Maharashtra,Other
2024-08-25,Sugarcane,150,Amarawati,FAQ,Amrawati(Frui & Veg. Market),700,400,550,Maharashtra,Other
2024-09-29,Sugarcane,150,Amarawati,FAQ,Amrawati(Frui & Veg. Market),700,400,550,Maharashtra,Other
2024-10-13,Sugarcane,150,Amarawati,FAQ,Amrawati(Frui & Veg. Market),700,400,550,Maharashtra,Other
2024-11-07,Sugarcane,150,Amarawati,FAQ,Amrawati(Frui & Veg. Market),700,400,550,Maharashtra,Other
2025-08-14,Sugarcane,150,Amarawati,Local,Amrawati(Frui & Veg. Market),600,400,500,Maharashtra,Other
2025-09-18,Sugarcane,150,Amarawati,Local,Amrawati(Frui & Veg. Market),700,400,550,Maharashtra,Other
2025-09-25,Sugarcane,150,Amarawati,Local,Amrawati(Frui & Veg. Market),700,400,550,Maharashtra,Other
2025-09-28,Sugarcane,150,Amarawati,Local,Amrawati(Frui & Veg. Market),600,400,500,Maharashtra,Other
2025-09-30,Sugarcane,150,Amarawati,Local,Amrawati(Frui & Veg. Market),600,400,500,Maharashtra,Other
2025-10-02,Sugarcane,150,Amarawati,Local,Amrawati(Frui & Veg. Market),600,400,500,Maharashtra,Other
2025-10-05,Sugarcane,150,Amarawati,Local,Amrawati(Frui & Veg. Market),600,400,500,Maharashtra,Other
2025-10-09,Sugarcane,150,Amarawati,Local,Amrawati(Frui & Veg. Market),600,400,500,Maharashtra,Other
2025-11-25,Sugarcane,150,Amarawati,Local,Amrawati(Frui & Veg. Market) APMC,700,400,550,Maharashtra,Other
2025-11-26,Sugarcane,150,Amarawati,Local,Amrawati(Frui & Veg. Market) APMC,600,400,500,Maharashtra,Other
2025-11-27,Sugarcane,150,Amarawati,Local,Amrawati(Frui & Veg. Market) APMC,700,400,550,Maharashtra,Other
2025-12-06,Sugarcane,150,Amarawati,Local,Amrawati(Frui & Veg. Market) APMC,600,400,500,Maharashtra,Other
2025-12-07,Sugarcane,150,Amarawati,Local,Amrawati(Frui & Veg. Market) APMC,600,400,500,Maharashtra,Other
2025-12-09,Sugarcane,150,Amarawati,Local,Amrawati(Frui & Veg. Market) APMC,600,400,500,Maharashtra,Other
2025-12-11,Sugarcane,150,Amarawati,Local,Amrawati(Frui & Veg. Market) APMC,600,400,500,Maharashtra,Other
2025-12-11,Sugarcane,150,Nagpur,Local,Nagpur APMC,2000,1000,1875,Maharashtra,Other
2025-12-16,Sugarcane,150,Amarawati,Local,Amrawati(Frui & Veg. Market) APMC,800,400,600,Maharashtra,Other
2025-12-18,Sugarcane,150,Amarawati,Local,Amrawati(Frui & Veg. Market) APMC,800,400,600,Maharashtra,Other
2025-12-22,Sugarcane,150,Nagpur,Local,Nagpur APMC,1500,500,1250,Maharashtra,Other
2025-12-29,Sugarcane,150,Nagpur,Local,Nagpur APMC,2500,1000,2250,Maharashtra,Other
2025-12-29,Sugarcane,150,Nagpur,Local,Nagpur APMC,1500,500,1325,Maharashtra,Other
2025-12-30,Sugarcane,150,Amarawati,Local,Amrawati(Frui & Veg. Market) APMC,900,400,650,Maharashtra,Other
2025-12-31,Sugarcane,150,Amarawati,Local,Amrawati(Frui & Veg. Market) APMC,800,400,600,Maharashtra,Other
2026-01-01,Sugarcane,150,Amarawati,Local,Amrawati(Frui & Veg. Market) APMC,900,400,650,Maharashtra,Other
2026-01-06,Sugarcane,150,Amarawati,Local,Amrawati(Frui & Veg. Market) APMC,900,400,650,Maharashtra,Other
2026-01-07,Sugarcane,150,Amarawati,Local,Amrawati(Frui & Veg. Market) APMC,800,400,600,Maharashtra,Other
2026-01-08,Sugarcane,150,Amarawati,Local,Amrawati(Frui & Veg. Market) APMC,800,400,600,Maharashtra,Other
2026-01-13,Sugarcane,150,Amarawati,Local,Amrawati(Frui & Veg. Market) APMC,900,600,750,Maharashtra,Other
2026-05-24,Sugarcane,150,Amarawati,Local,Amrawati(Frui & Veg. Market) APMC,700,400,550,Maharashtra,Other
2026-05-26,Sugarcane,150,Amarawati,Local,Amrawati(Frui & Veg. Market) APMC,700,400,550,Maharashtra,Other
2026-05-28,Sugarcane,150,Amarawati,Local,Amrawati(Frui & Veg. Market) APMC,700,400,550,Maharashtra,Other
2026-05-31,Sugarcane,150,Amarawati,Local,Amrawati(Frui & Veg. Market) APMC,700,400,550,Maharashtra,Other
2026-06-04,Sugarcane,150,Amarawati,Local,Amrawati(Frui & Veg. Market) APMC,700,400,550,Maharashtra,Other
